,user,cluster
0,1,3
1,2,0
2,3,1
3,4,0
4,5,1
5,6,3
6,7,2
7,8,2
8,9,1
9,10,3
10,11,3
11,12,2
12,13,4
13,14,4
14,15,2
15,16,3
16,17,0
17,18,3
18,19,2
19,20,1
20,21,1
21,22,1
22,23,4
23,24,3
24,25,2
25,26,2
26,27,2
27,28,3
28,29,2
29,30,3
30,31,0
31,32,3
32,33,0
33,34,3
34,35,0
35,36,4
36,37,3
37,38,3
38,39,4
39,40,0
40,41,3
41,42,2
42,43,1
43,44,1
44,45,3
45,46,1
46,47,4
47,48,4
48,49,1
49,50,3
50,51,3
51,52,4
52,53,4
53,54,0
54,55,3
55,56,1
56,57,1
57,58,2
58,59,3
59,60,0
60,61,1
61,62,3
62,63,4
63,64,4
64,65,1
65,66,1
66,67,3
67,68,4
68,69,3
69,70,4
70,71,1
71,72,3
72,73,4
73,74,1
74,75,3
75,76,4
76,77,2
77,78,3
78,79,3
79,80,0
80,81,3
81,82,1
82,83,3
83,84,4
84,85,4
85,86,3
86,87,1
87,88,3
88,89,3
89,90,0
90,91,2
91,92,3
92,93,1
93,94,2
94,95,4
95,96,3
96,97,3
97,98,3
98,99,3
99,100,1
100,101,3
101,102,1
102,103,0
103,104,2
104,105,1
105,106,3
106,107,1
107,108,2
108,109,1
109,110,4
110,111,1
111,112,1
112,113,2
113,114,3
114,115,2
115,116,1
116,117,1
117,118,2
118,119,3
119,120,2
120,121,4
121,122,3
122,123,4
123,124,0
124,125,0
125,126,4
126,127,3
127,128,0
128,129,2
129,130,1
130,131,2
131,132,1
132,133,3
133,134,4
134,135,2
135,136,2
136,137,3
137,138,2
138,139,3
139,140,3
140,141,1
141,142,2
142,143,4
143,144,2
144,145,2
145,146,3
146,147,4
147,148,0
148,149,2
149,150,4
150,151,1
151,152,4
152,153,2
153,154,1
154,155,2
155,156,3
156,157,2
157,158,0
158,159,3
159,160,2
160,161,1
161,162,3
162,163,4
163,164,3
164,165,1
165,166,4
166,167,3
167,168,3
168,169,4
169,170,2
170,171,3
171,172,2
172,173,4
173,174,2
174,175,3
175,176,3
176,177,0
177,178,0
178,179,2
179,180,0
180,181,2
181,182,2
182,183,3
183,184,3
184,185,0
185,186,4
186,187,3
187,188,0
188,189,4
189,190,1
190,191,2
191,192,2
192,193,3
193,194,3
194,195,2
195,196,3
196,197,2
197,198,1
198,199,4
199,200,3
200,201,3
201,202,4
202,203,3
203,204,4
204,205,1
205,206,2
206,207,1
207,208,1
208,209,4
209,210,3
210,211,1
211,212,1
212,213,3
213,214,1
214,215,1
215,216,0
216,217,2
217,218,1
218,219,3
219,220,2
220,221,3
221,222,4
222,223,2
223,224,3
224,225,2
225,226,4
226,227,1
227,228,1
228,229,2
229,230,0
230,231,4
231,232,1
232,233,3
233,234,2
234,235,4
235,236,4
236,237,4
237,238,3
238,239,1
239,240,0
240,241,1
241,242,3
242,243,2
243,244,0
244,245,1
245,246,3
246,247,1
247,248,1
248,249,3
249,250,2
250,251,0
251,252,1
252,253,3
253,254,1
254,255,4
255,256,0
256,257,1
257,258,4
258,259,4
259,260,1
260,261,1
261,262,3
262,263,3
263,264,2
264,265,3
265,266,1
266,267,0
267,268,3
268,269,4
269,270,0
270,271,4
271,272,4
272,273,4
273,274,4
274,275,4
275,276,0
276,277,3
277,278,1
278,279,1
279,280,0
280,281,3
281,282,1
282,283,2
283,284,1
284,285,3
285,286,4
286,287,0
287,288,3
288,289,3
289,290,1
290,291,1
291,292,2
292,293,0
293,294,3
294,295,4
295,296,0
296,297,4
297,298,3
298,299,1
299,300,4
300,301,4
301,302,2
302,303,2
303,304,4
304,305,3
305,306,4
306,307,1
307,308,2
308,309,2
309,310,3
310,311,2
311,312,3
312,313,3
313,314,3
314,315,3
315,316,0
316,317,2
317,318,3
318,319,3
319,320,4
320,321,4
321,322,0
322,323,0
323,324,1
324,325,3
325,326,0
326,327,1
327,328,1
328,329,2
329,330,0
330,331,4
331,332,0
332,333,4
333,334,3
334,335,1
335,336,4
336,337,1
337,338,4
338,339,0
339,340,3
340,341,3
341,342,1
342,343,3
343,344,1
344,345,1
345,346,3
346,347,3
347,348,0
348,349,2
349,350,0
350,351,4
351,352,4
352,353,3
353,354,4
354,355,4
355,356,0
356,357,4
357,358,3
358,359,1
359,360,1
360,361,3
361,362,1
362,363,4
363,364,3
364,365,3
365,366,0
366,367,0
367,368,4
368,369,4
369,370,2
370,371,2
371,372,3
372,373,3
373,374,3
374,375,4
375,376,4
376,377,1
377,378,3
378,379,3
379,380,4
380,381,1
381,382,3
382,383,3
383,384,1
384,385,4
385,386,4
386,387,3
387,388,3
388,389,4
389,390,4
390,391,0
391,392,2
392,393,1
393,394,4
394,395,4
395,396,4
396,397,2
397,398,1
398,399,3
399,400,3
400,401,4
401,402,1
402,403,2
403,404,2
404,405,0
405,406,1
406,407,1
407,408,2
408,409,1
409,410,3
410,411,3
411,412,1
412,413,1
413,414,4
414,415,3
415,416,0
416,417,3
417,418,3
418,419,4
419,420,4
420,421,3
421,422,0
422,423,4
423,424,1
424,425,1
425,426,4
426,427,1
427,428,3
428,429,4
429,430,3
430,431,4
431,432,0
432,433,0
433,434,3
434,435,4
435,436,4
436,437,1
437,438,2
438,439,1
439,440,0
440,441,4
441,442,4
442,443,4
443,444,0
444,445,0
445,446,3
446,447,3
447,448,1
448,449,4
449,450,0
450,451,0
451,452,0
452,453,4
453,454,1
454,455,3
455,456,4
456,457,4
457,458,0
458,459,3
459,460,1
460,461,0
461,462,1
462,463,4
463,464,3
464,465,1
465,466,4
466,467,3
467,468,3
468,469,4
469,470,3
470,471,2
471,472,4
472,473,3
473,474,1
474,475,3
475,476,4
476,477,1
477,478,0
478,479,1
479,480,3
480,481,0
481,482,1
482,483,1
483,484,3
484,485,0
485,486,0
486,487,3
487,488,1
488,489,4
489,490,4
490,491,4
491,492,1
492,493,0
493,494,3
494,495,4
495,496,4
496,497,3
497,498,1
498,499,3
499,500,3
500,501,4
501,502,4
502,503,1
503,504,2
504,505,1
505,506,1
506,507,3
507,508,1
508,509,4
509,510,1
510,511,3
511,512,4
512,513,4
513,514,4
514,515,4
515,516,3
516,517,3
517,518,3
518,519,3
519,520,3
520,521,0
521,522,1
522,523,0
523,524,4
524,525,2
525,526,1
526,527,3
527,528,3
528,529,1
529,530,2
530,531,3
531,532,4
532,533,2
533,534,1
534,535,4
535,536,2
536,537,0
537,538,0
538,539,4
539,540,2
540,541,3
541,542,4
542,543,4
543,544,1
544,545,2
545,546,3
546,547,1
547,548,3
548,549,4
549,550,0
550,551,1
551,552,0
552,553,4
553,554,1
554,555,4
555,556,3
556,557,0
557,558,1
558,559,3
559,560,1
560,561,3
561,562,1
562,563,4
563,564,0
564,565,1
565,566,1
566,567,1
567,568,3
568,569,3
569,570,2
570,571,0
571,572,4
572,573,3
573,574,1
574,575,1
575,576,3
576,577,2
577,578,1
578,579,2
579,580,2
580,581,0
581,582,4
582,583,3
583,584,3
584,585,4
585,586,1
586,587,1
587,588,3
588,589,4
589,590,3
590,591,4
591,592,4
592,593,3
593,594,3
594,595,2
595,596,3
596,597,1
597,598,4
598,599,0
599,600,1
600,601,3
601,602,3
602,603,3
603,604,0
604,605,3
605,606,3
606,607,4
607,608,2
608,609,2
609,610,4
610,611,2
611,612,0
612,613,2
613,614,4
614,615,0
615,616,4
616,617,3
617,618,4
618,619,3
619,620,2
620,621,4
621,622,4
622,623,1
623,624,4
624,625,3
625,626,4
626,627,0
627,628,3
628,629,3
629,630,3
630,631,1
631,632,0
632,633,1
633,634,3
634,635,0
635,636,1
636,637,1
637,638,4
638,639,1
639,640,4
640,641,3
641,642,3
642,643,2
643,644,1
644,645,2
645,646,2
646,647,1
647,648,3
648,649,4
649,650,1
650,651,2
651,652,2
652,653,0
653,654,0
654,655,3
655,656,3
656,657,3
657,658,3
658,659,3
659,660,1
660,661,0
661,662,4
662,663,3
663,664,1
664,665,2
665,666,3
666,667,1
667,668,3
668,669,2
669,670,2
670,671,4
671,672,0
672,673,2
673,674,2
674,675,2
675,676,1
676,677,0
677,678,4
678,679,1
679,680,2
680,681,2
681,682,2
682,683,2
683,684,2
684,685,2
685,686,2
686,687,3
687,688,0
688,689,3
689,690,1
690,691,1
691,692,3
692,693,1
693,694,4
694,695,3
695,696,1
696,697,3
697,698,4
698,699,4
699,700,0
700,701,3
701,702,4
702,703,3
703,704,3
704,705,4
705,706,1
706,707,2
707,708,4
708,709,4
709,710,1
710,711,1
711,712,4
712,713,4
713,714,4
714,715,4
715,716,4
716,717,1
717,718,4
718,719,4
719,720,4
720,721,3
721,722,1
722,723,1
723,724,0
724,725,0
725,726,3
726,727,1
727,728,2
728,729,1
729,730,2
730,731,0
731,732,2
732,733,1
733,734,4
734,735,2
735,736,2
736,737,1
737,738,1
738,739,1
739,740,2
740,741,4
741,742,4
742,743,3
743,744,1
744,745,4
745,746,1
746,747,4
747,748,4
748,749,1
749,750,3
750,751,3
751,752,3
752,753,2
753,754,2
754,755,3
755,756,4
756,757,1
757,758,2
758,759,3
759,760,0
760,761,4
761,762,4
762,763,2
763,764,1
764,765,1
765,766,3
766,767,2
767,768,2
768,769,0
769,770,4
770,771,3
771,772,1
772,773,4
773,774,2
774,775,1
775,776,3
776,777,1
777,778,2
778,779,4
779,780,1
780,781,4
781,782,0
782,783,4
783,784,2
784,785,1
785,786,4
786,787,4
787,788,4
788,789,4
789,790,1
790,791,2
791,792,2
792,793,3
793,794,0
794,795,3
795,796,0
796,797,3
797,798,3
798,799,3
799,800,3
800,801,1
801,802,2
802,803,4
803,804,1
804,805,2
805,806,4
806,807,4
807,808,4
808,809,1
809,810,1
810,811,0
811,812,2
812,813,4
813,814,3
814,815,2
815,816,4
816,817,4
817,818,4
818,819,4
819,820,4
820,821,2
821,822,3
822,823,4
823,824,1
824,825,0
825,826,3
826,827,0
827,828,4
828,829,1
829,830,4
830,831,3
831,832,2
832,833,0
833,834,3
834,835,0
835,836,2
836,837,0
837,838,1
838,839,4
839,840,3
840,841,3
841,842,3
842,843,4
843,844,4
844,845,3
845,846,4
846,847,3
847,848,1
848,849,4
849,850,4
850,851,4
851,852,4
852,853,1
853,854,3
854,855,3
855,856,3
856,857,2
857,858,2
858,859,2
859,860,4
860,861,2
861,862,2
862,863,4
863,864,3
864,865,4
865,866,2
866,867,1
867,868,0
868,869,1
869,870,3
870,871,4
871,872,0
872,873,0
873,874,0
874,875,4
875,876,4
876,877,4
877,878,2
878,879,1
879,880,1
880,881,1
881,882,2
882,883,3
883,884,2
884,885,4
885,886,3
886,887,3
887,888,3
888,889,0
889,890,4
890,891,4
891,892,4
892,893,3
893,894,2
894,895,0
895,896,1
896,897,4
897,898,4
898,899,3
899,900,3
900,901,3
901,902,0
902,903,0
903,904,1
904,905,3
905,906,4
906,907,3
907,908,3
908,909,0
909,910,3
910,911,0
911,912,3
912,913,2
913,914,3
914,915,4
915,916,3
916,917,0
917,918,3
918,919,3
919,920,4
920,921,1
921,922,0
922,923,2
923,924,1
924,925,3
925,926,2
926,927,1
927,928,3
928,929,1
929,930,4
930,931,3
931,932,3
932,933,0
933,934,3
934,935,1
935,936,2
936,937,1
937,938,3
938,939,3
939,940,4
940,941,1
941,942,3
942,943,3
943,944,4
944,945,0
945,946,0
946,947,2
947,948,0
948,949,1
949,950,2
950,951,0
951,952,0
952,953,1
953,954,3
954,955,3
955,956,4
956,957,2
957,958,4
958,959,0
959,960,2
960,961,2
961,962,3
962,963,4
963,964,4
964,965,0
965,966,0
966,967,3
967,968,0
968,969,3
969,970,2
970,971,2
971,972,0
972,973,3
973,974,1
974,975,4
975,976,1
976,977,4
977,978,2
978,979,2
979,980,4
980,981,2
981,982,3
982,983,3
983,984,1
984,985,2
985,986,3
986,987,3
987,988,0
988,989,0
989,990,2
990,991,3
991,992,3
992,993,4
993,994,4
994,995,3
995,996,1
996,997,2
997,998,0
998,999,1
999,1000,3
1000,1001,4
1001,1002,0
1002,1003,2
1003,1004,4
1004,1005,2
1005,1006,4
1006,1007,0
1007,1008,4
1008,1009,0
1009,1010,2
1010,1011,4
1011,1012,3
1012,1013,0
1013,1014,3
1014,1015,2
1015,1016,0
1016,1017,2
1017,1018,4
1018,1019,4
1019,1020,1
1020,1021,4
1021,1022,2
1022,1023,0
1023,1024,3
1024,1025,1
1025,1026,3
1026,1027,4
1027,1028,3
1028,1029,2
1029,1030,4
1030,1031,2
1031,1032,0
1032,1033,4
1033,1034,3
1034,1035,2
1035,1036,2
1036,1037,0
1037,1038,0
1038,1039,3
1039,1040,1
1040,1041,4
1041,1042,4
1042,1043,3
1043,1044,1
1044,1045,3
1045,1046,0
1046,1047,4
1047,1048,4
1048,1049,1
1049,1050,4
1050,1051,3
1051,1052,3
1052,1053,2
1053,1054,4
1054,1055,4
1055,1056,4
1056,1057,1
1057,1058,4
1058,1059,3
1059,1060,2
1060,1061,0
1061,1062,0
1062,1063,4
1063,1064,4
1064,1065,3
1065,1066,0
1066,1067,1
1067,1068,3
1068,1069,1
1069,1070,3
1070,1071,0
1071,1072,3
1072,1073,3
1073,1074,0
1074,1075,3
1075,1076,3
1076,1077,4
1077,1078,3
1078,1079,4
1079,1080,0
1080,1081,4
1081,1082,0
1082,1083,0
1083,1084,2
1084,1085,2
1085,1086,4
1086,1087,2
1087,1088,3
1088,1089,2
1089,1090,4
1090,1091,2
1091,1092,3
1092,1093,0
1093,1094,3
1094,1095,3
1095,1096,4
1096,1097,1
1097,1098,4
1098,1099,1
1099,1100,4
1100,1101,2
1101,1102,4
1102,1103,3
1103,1104,2
1104,1105,4
1105,1106,4
1106,1107,3
1107,1108,0
1108,1109,2
1109,1110,3
1110,1111,3
1111,1112,2
1112,1113,4
1113,1114,3
1114,1115,3
1115,1116,1
1116,1117,2
1117,1118,0
1118,1119,4
1119,1120,4
1120,1121,0
1121,1122,0
1122,1123,0
1123,1124,4
1124,1125,3
1125,1126,0
1126,1127,2
1127,1128,4
1128,1129,2
1129,1130,4
1130,1131,0
1131,1132,1
1132,1133,4
1133,1134,2
1134,1135,0
1135,1136,3
1136,1137,2
1137,1138,2
1138,1139,4
1139,1140,3
1140,1141,3
1141,1142,4
1142,1143,0
1143,1144,4
1144,1145,0
1145,1146,3
1146,1147,1
1147,1148,1
1148,1149,1
1149,1150,1
1150,1151,1
1151,1152,2
1152,1153,2
1153,1154,3
1154,1155,1
1155,1156,3
1156,1157,0
1157,1158,3
1158,1159,4
1159,1160,2
1160,1161,2
1161,1162,3
1162,1163,4
1163,1164,1
1164,1165,2
1165,1166,0
1166,1167,3
1167,1168,3
1168,1169,1
1169,1170,0
1170,1171,1
1171,1172,3
1172,1173,3
1173,1174,3
1174,1175,3
1175,1176,0
1176,1177,3
1177,1178,0
1178,1179,0
1179,1180,1
1180,1181,2
1181,1182,4
1182,1183,1
1183,1184,3
1184,1185,3
1185,1186,1
1186,1187,3
1187,1188,0
1188,1189,4
1189,1190,4
1190,1191,3
1191,1192,1
1192,1193,1
1193,1194,3
1194,1195,3
1195,1196,3
1196,1197,4
1197,1198,2
1198,1199,0
1199,1200,4
1200,1201,4
1201,1202,1
1202,1203,3
1203,1204,4
1204,1205,3
1205,1206,3
1206,1207,0
1207,1208,2
1208,1209,4
1209,1210,2
1210,1211,2
1211,1212,3
1212,1213,0
1213,1214,0
1214,1215,2
1215,1216,4
1216,1217,1
1217,1218,0
1218,1219,2
1219,1220,2
1220,1221,2
1221,1222,4
1222,1223,4
1223,1224,0
1224,1225,0
1225,1226,2
1226,1227,0
1227,1228,4
1228,1229,3
1229,1230,1
1230,1231,1
1231,1232,3
1232,1233,1
1233,1234,4
1234,1235,3
1235,1236,3
1236,1237,2
1237,1238,3
1238,1239,3
1239,1240,3
1240,1241,2
1241,1242,3
1242,1243,1
1243,1244,2
1244,1245,1
1245,1246,4
1246,1247,4
1247,1248,1
1248,1249,4
1249,1250,0
1250,1251,4
1251,1252,0
1252,1253,1
1253,1254,3
1254,1255,1
1255,1256,2
1256,1257,3
1257,1258,0
1258,1259,2
1259,1260,2
1260,1261,2
1261,1262,2
1262,1263,4
1263,1264,4
1264,1265,3
1265,1266,2
1266,1267,2
1267,1268,0
1268,1269,0
1269,1270,2
1270,1271,3
1271,1272,1
1272,1273,2
1273,1274,0
1274,1275,0
1275,1276,1
1276,1277,3
1277,1278,4
1278,1279,4
1279,1280,4
1280,1281,1
1281,1282,0
1282,1283,3
1283,1284,0
1284,1285,4
1285,1286,1
1286,1287,3
1287,1288,1
1288,1289,0
1289,1290,4
1290,1291,3
1291,1292,4
1292,1293,4
1293,1294,3
1294,1295,3
1295,1296,4
1296,1297,4
1297,1298,2
1298,1299,2
1299,1300,4
1300,1301,3
1301,1302,4
1302,1303,1
1303,1304,1
1304,1305,1
1305,1306,4
1306,1307,0
1307,1308,4
1308,1309,1
1309,1310,4
1310,1311,4
1311,1312,1
1312,1313,4
1313,1314,3
1314,1315,4
1315,1316,0
1316,1317,0
1317,1318,1
1318,1319,3
1319,1320,2
1320,1321,3
1321,1322,0
1322,1323,3
1323,1324,2
1324,1325,4
1325,1326,3
1326,1327,2
1327,1328,1
1328,1329,1
1329,1330,0
1330,1331,0
1331,1332,2
1332,1333,2
1333,1334,0
1334,1335,2
1335,1336,1
1336,1337,0
1337,1338,4
1338,1339,1
1339,1340,2
1340,1341,2
1341,1342,4
1342,1343,1
1343,1344,3
1344,1345,3
1345,1346,1
1346,1347,3
1347,1348,3
1348,1349,0
1349,1350,3
1350,1351,3
1351,1352,1
1352,1353,4
1353,1354,3
1354,1355,3
1355,1356,3
1356,1357,0
1357,1358,1
1358,1359,2
1359,1360,2
1360,1361,3
1361,1362,1
1362,1363,0
1363,1364,3
1364,1365,3
1365,1366,4
1366,1367,1
1367,1368,3
1368,1369,2
1369,1370,4
1370,1371,3
1371,1372,4
1372,1373,3
1373,1374,0
1374,1375,3
1375,1376,3
1376,1377,1
1377,1378,3
1378,1379,3
1379,1380,4
1380,1381,1
1381,1382,3
1382,1383,3
1383,1384,4
1384,1385,3
1385,1386,3
1386,1387,3
1387,1388,0
1388,1389,2
1389,1390,1
1390,1391,2
1391,1392,4
1392,1393,2
1393,1394,3
1394,1395,2
1395,1396,3
1396,1397,4
1397,1398,3
1398,1399,2
1399,1400,4
1400,1401,3
1401,1402,4
1402,1403,3
1403,1404,1
1404,1405,0
1405,1406,4
1406,1407,3
1407,1408,4
1408,1409,4
1409,1410,0
1410,1411,2
1411,1412,1
1412,1413,4
1413,1414,4
1414,1415,0
1415,1416,1
1416,1417,2
1417,1418,4
1418,1419,3
1419,1420,2
1420,1421,3
1421,1422,1
1422,1423,2
1423,1424,2
1424,1425,2
1425,1426,1
1426,1427,2
1427,1428,3
1428,1429,3
1429,1430,4
1430,1431,0
1431,1432,4
1432,1433,3
1433,1434,3
1434,1435,1
1435,1436,3
1436,1437,0
1437,1438,2
1438,1439,4
1439,1440,1
1440,1441,1
1441,1442,2
1442,1443,4
1443,1444,3
1444,1445,4
1445,1446,2
1446,1447,4
1447,1448,3
1448,1449,1
1449,1450,4
1450,1451,1
1451,1452,3
1452,1453,2
1453,1454,4
1454,1455,3
1455,1456,4
1456,1457,4
1457,1458,2
1458,1459,3
1459,1460,3
1460,1461,3
1461,1462,1
1462,1463,1
1463,1464,1
1464,1465,1
1465,1466,2
1466,1467,4
1467,1468,2
1468,1469,1
1469,1470,4
1470,1471,2
1471,1472,4
1472,1473,2
1473,1474,4
1474,1475,3
1475,1476,3
1476,1477,3
1477,1478,4
1478,1479,3
1479,1480,1
1480,1481,1
1481,1482,4
1482,1483,4
1483,1484,2
1484,1485,3
1485,1486,1
1486,1487,2
1487,1488,4
1488,1489,3
1489,1490,0
1490,1491,2
1491,1492,1
1492,1493,3
1493,1494,1
1494,1495,4
1495,1496,1
1496,1497,0
1497,1498,2
1498,1499,2
1499,1500,1
1500,1501,1
1501,1502,2
1502,1503,1
1503,1504,2
1504,1505,0
1505,1506,2
1506,1507,1
1507,1508,3
1508,1509,2
1509,1510,3
1510,1511,2
1511,1512,2
1512,1513,3
1513,1514,4
1514,1515,1
1515,1516,3
1516,1517,2
1517,1518,4
1518,1519,2
1519,1520,1
1520,1521,3
1521,1522,2
1522,1523,1
1523,1524,2
1524,1525,3
1525,1526,0
1526,1527,4
1527,1528,1
1528,1529,4
1529,1530,4
1530,1531,1
1531,1532,2
1532,1533,0
1533,1534,0
1534,1535,1
1535,1536,3
1536,1537,2
1537,1538,2
1538,1539,2
1539,1540,4
1540,1541,0
1541,1542,2
1542,1543,2
1543,1544,1
1544,1545,2
1545,1546,2
1546,1547,0
1547,1548,4
1548,1549,2
1549,1550,2
1550,1551,2
1551,1552,0
1552,1553,3
1553,1554,3
1554,1555,3
1555,1556,4
1556,1557,3
1557,1558,4
1558,1559,2
1559,1560,3
1560,1561,3
1561,1562,1
1562,1563,3
1563,1564,0
1564,1565,1
1565,1566,1
1566,1567,2
1567,1568,3
1568,1569,0
1569,1570,1
1570,1571,1
1571,1572,3
1572,1573,4
1573,1574,4
1574,1575,3
1575,1576,3
1576,1577,0
1577,1578,2
1578,1579,4
1579,1580,3
1580,1581,3
1581,1582,2
1582,1583,4
1583,1584,1
1584,1585,1
1585,1586,0
1586,1587,3
1587,1588,2
1588,1589,4
1589,1590,4
1590,1591,0
1591,1592,4
1592,1593,1
1593,1594,3
1594,1595,4
1595,1596,3
1596,1597,2
1597,1598,1
1598,1599,4
1599,1600,2
1600,1601,1
1601,1602,3
1602,1603,3
1603,1604,2
1604,1605,3
1605,1606,3
1606,1607,0
1607,1608,1
1608,1609,3
1609,1610,1
1610,1611,2
1611,1612,2
1612,1613,1
1613,1614,4
1614,1615,3
1615,1616,2
1616,1617,2
1617,1618,0
1618,1619,0
1619,1620,1
1620,1621,2
1621,1622,4
1622,1623,0
1623,1624,2
1624,1625,0
1625,1626,2
1626,1627,1
1627,1628,1
1628,1629,2
1629,1630,1
1630,1631,3
1631,1632,1
1632,1633,3
1633,1634,3
1634,1635,4
1635,1636,3
1636,1637,0
1637,1638,3
1638,1639,1
1639,1640,1
1640,1641,4
1641,1642,0
1642,1643,4
1643,1644,1
1644,1645,3
1645,1646,1
1646,1647,1
1647,1648,0
1648,1649,1
1649,1650,1
1650,1651,1
1651,1652,1
1652,1653,4
1653,1654,3
1654,1655,4
1655,1656,1
1656,1657,3
1657,1658,3
1658,1659,3
1659,1660,3
1660,1661,4
1661,1662,1
1662,1663,4
1663,1664,3
1664,1665,1
1665,1666,2
1666,1667,1
1667,1668,4
1668,1669,3
1669,1670,3
1670,1671,4
1671,1672,1
1672,1673,4
1673,1674,4
1674,1675,3
1675,1676,4
1676,1677,1
1677,1678,1
1678,1679,1
1679,1680,1
1680,1681,4
1681,1682,4
1682,1683,3
1683,1684,4
1684,1685,1
1685,1686,1
1686,1687,4
1687,1688,3
1688,1689,4
1689,1690,1
1690,1691,3
1691,1692,1
1692,1693,1
1693,1694,1
1694,1695,4
1695,1696,4
1696,1697,3
1697,1698,4
1698,1699,1
1699,1700,1
1700,1701,3
1701,1702,4
1702,1703,1
1703,1704,4
1704,1705,3
1705,1706,2
1706,1707,0
1707,1708,4
1708,1709,4
1709,1710,4
1710,1711,3
1711,1712,4
1712,1713,4
1713,1714,1
1714,1715,1
1715,1716,4
1716,1717,3
1717,1718,4
1718,1719,1
1719,1720,4
1720,1721,1
1721,1722,4
1722,1723,1
1723,1724,2
1724,1725,1
1725,1726,4
1726,1727,1
1727,1728,2
1728,1729,4
1729,1730,3
1730,1731,3
1731,1732,2
1732,1733,2
1733,1734,1
1734,1735,1
1735,1736,0
1736,1737,1
1737,1738,1
1738,1739,0
1739,1740,0
1740,1741,4
1741,1742,2
1742,1743,1
1743,1744,1
1744,1745,4
1745,1746,2
1746,1747,4
1747,1748,0
1748,1749,2
1749,1750,0
1750,1751,1
1751,1752,4
1752,1753,4
1753,1754,1
1754,1755,3
1755,1756,3
1756,1757,4
1757,1758,3
1758,1759,2
1759,1760,3
1760,1761,4
1761,1762,1
1762,1763,4
1763,1764,4
1764,1765,2
1765,1766,3
1766,1767,1
1767,1768,1
1768,1769,1
1769,1770,1
1770,1771,1
1771,1772,0
1772,1773,2
1773,1774,1
1774,1775,4
1775,1776,4
1776,1777,2
1777,1778,4
1778,1779,4
1779,1780,2
1780,1781,3
1781,1782,0
1782,1783,2
1783,1784,2
1784,1785,2
1785,1786,4
1786,1787,4
1787,1788,0
1788,1789,2
1789,1790,2
1790,1791,2
1791,1792,3
1792,1793,2
1793,1794,2
1794,1795,2
1795,1796,0
1796,1797,4
1797,1798,0
1798,1799,1
1799,1800,4
1800,1801,3
1801,1802,2
1802,1803,4
1803,1804,2
1804,1805,2
1805,1806,2
1806,1807,2
1807,1808,3
1808,1809,3
1809,1810,0
1810,1811,0
1811,1812,3
1812,1813,3
1813,1814,0
1814,1815,2
1815,1816,3
1816,1817,4
1817,1818,2
1818,1819,3
1819,1820,1
1820,1821,1
1821,1822,3
1822,1823,3
1823,1824,3
1824,1825,4
1825,1826,0
1826,1827,3
1827,1828,2
1828,1829,2
1829,1830,2
1830,1831,4
1831,1832,3
1832,1833,2
1833,1834,2
1834,1835,2
1835,1836,2
1836,1837,2
1837,1838,2
1838,1839,2
1839,1840,2
1840,1841,4
1841,1842,4
1842,1843,2
1843,1844,3
1844,1845,2
1845,1846,1
1846,1847,4
1847,1848,2
1848,1849,2
1849,1850,2
1850,1851,1
1851,1852,2
1852,1853,0
1853,1854,4
1854,1855,4
1855,1856,0
1856,1857,4
1857,1858,3
1858,1859,3
1859,1860,0
1860,1861,1
1861,1862,0
1862,1863,4
1863,1864,4
1864,1865,3
1865,1866,4
1866,1867,0
1867,1868,0
1868,1869,1
1869,1870,0
1870,1871,3
1871,1872,1
1872,1873,2
1873,1874,0
1874,1875,1
1875,1876,1
1876,1877,1
1877,1878,4
1878,1879,2
1879,1880,4
1880,1881,4
1881,1882,1
1882,1883,3
1883,1884,1
1884,1885,1
1885,1886,1
1886,1887,0
1887,1888,1
1888,1889,1
1889,1890,0
1890,1891,4
1891,1892,1
1892,1893,3
1893,1894,3
1894,1895,1
1895,1896,0
1896,1897,3
1897,1898,1
1898,1899,3
1899,1900,0
1900,1901,0
1901,1902,1
1902,1903,4
1903,1904,2
1904,1905,1
1905,1906,3
1906,1907,1
1907,1908,0
1908,1909,4
1909,1910,4
1910,1911,3
1911,1912,4
1912,1913,1
1913,1914,3
1914,1915,0
1915,1916,0
1916,1917,4
1917,1918,3
1918,1919,4
1919,1920,3
1920,1921,0
1921,1922,3
1922,1923,4
1923,1924,3
1924,1925,0
1925,1926,3
1926,1927,4
1927,1928,4
1928,1929,3
1929,1930,1
1930,1931,4
1931,1932,4
1932,1933,1
1933,1934,1
1934,1935,4
1935,1936,4
1936,1937,1
1937,1938,3
1938,1939,3
1939,1940,1
1940,1941,1
1941,1942,2
1942,1943,4
1943,1944,3
1944,1945,1
1945,1946,1
1946,1947,4
1947,1948,4
1948,1949,1
1949,1950,1
1950,1951,3
1951,1952,4
1952,1953,3
1953,1954,1
1954,1955,2
1955,1956,4
1956,1957,3
1957,1958,3
1958,1959,3
1959,1960,0
1960,1961,3
1961,1962,3
1962,1963,3
1963,1964,3
1964,1965,0
1965,1966,1
1966,1967,0
1967,1968,1
1968,1969,3
1969,1970,0
1970,1971,3
1971,1972,1
1972,1973,2
1973,1974,2
1974,1975,4
1975,1976,4
1976,1977,0
1977,1978,2
1978,1979,0
1979,1980,2
1980,1981,0
1981,1982,4
1982,1983,1
1983,1984,4
1984,1985,1
1985,1986,0
1986,1987,1
1987,1988,3
1988,1989,0
1989,1990,4
1990,1991,1
1991,1992,4
1992,1993,1
1993,1994,4
1994,1995,4
1995,1996,4
1996,1997,4
1997,1998,3
1998,1999,3
1999,2000,4
2000,2001,0
2001,2002,0
2002,2003,4
2003,2004,1
2004,2005,4
2005,2006,4
2006,2007,0
2007,2008,4
2008,2009,3
2009,2010,4
2010,2011,3
2011,2012,4
2012,2013,0
2013,2014,4
2014,2015,2
2015,2016,3
2016,2017,1
2017,2018,1
2018,2019,0
2019,2020,2
2020,2021,4
2021,2022,4
2022,2023,4
2023,2024,2
2024,2025,0
2025,2026,0
2026,2027,3
2027,2028,0
2028,2029,3
2029,2030,4
2030,2031,1
2031,2032,0
2032,2033,1
2033,2034,3
2034,2035,3
2035,2036,3
2036,2037,0
2037,2038,3
2038,2039,0
2039,2040,3
2040,2041,3
2041,2042,4
2042,2043,2
2043,2044,3
2044,2045,3
2045,2046,4
2046,2047,2
2047,2048,0
2048,2049,3
2049,2050,3
2050,2051,4
2051,2052,2
2052,2053,0
2053,2054,2
2054,2055,0
2055,2056,4
2056,2057,4
2057,2058,3
2058,2059,4
2059,2060,4
2060,2061,0
2061,2062,4
2062,2063,4
2063,2064,2
2064,2065,4
2065,2066,3
2066,2067,0
2067,2068,3
2068,2069,0
2069,2070,3
2070,2071,0
2071,2072,3
2072,2073,3
2073,2074,4
2074,2075,3
2075,2076,2
2076,2077,4
2077,2078,2
2078,2079,2
2079,2080,2
2080,2081,1
2081,2082,1
2082,2083,4
2083,2084,2
2084,2085,2
2085,2086,1
2086,2087,4
2087,2088,0
2088,2089,2
2089,2090,1
2090,2091,3
2091,2092,0
2092,2093,4
2093,2094,4
2094,2095,0
2095,2096,3
2096,2097,4
2097,2098,1
2098,2099,3
2099,2100,3
2100,2101,1
2101,2102,2
2102,2103,2
2103,2104,0
2104,2105,2
2105,2106,3
2106,2107,2
2107,2108,4
2108,2109,2
2109,2110,0
2110,2111,0
2111,2112,3
2112,2113,2
2113,2114,2
2114,2115,2
2115,2116,4
2116,2117,0
2117,2118,2
2118,2119,2
2119,2120,2
2120,2121,0
2121,2122,1
2122,2123,3
2123,2124,2
2124,2125,4
2125,2126,0
2126,2127,2
2127,2128,3
2128,2129,2
2129,2130,0
2130,2131,2
2131,2132,0
2132,2133,3
2133,2134,2
2134,2135,0
2135,2136,2
2136,2137,3
2137,2138,3
2138,2139,3
2139,2140,0
2140,2141,3
2141,2142,3
2142,2143,2
2143,2144,4
2144,2145,2
2145,2146,4
2146,2147,3
2147,2148,3
2148,2149,4
2149,2150,3
2150,2151,0
2151,2152,2
2152,2153,1
2153,2154,1
2154,2155,3
2155,2156,1
2156,2157,3
2157,2158,1
2158,2159,3
2159,2160,3
2160,2161,3
2161,2162,3
2162,2163,4
2163,2164,4
2164,2165,2
2165,2166,4
2166,2167,3
2167,2168,4
2168,2169,4
2169,2170,3
2170,2171,4
2171,2172,1
2172,2173,0
2173,2174,0
2174,2175,4
2175,2176,1
2176,2177,1
2177,2178,1
2178,2179,3
2179,2180,2
2180,2181,4
2181,2182,3
2182,2183,3
2183,2184,4
2184,2185,0
2185,2186,2
2186,2187,0
2187,2188,3
2188,2189,4
2189,2190,3
2190,2191,4
2191,2192,3
2192,2193,2
2193,2194,1
2194,2195,4
2195,2196,2
2196,2197,3
2197,2198,3
2198,2199,4
2199,2200,4
2200,2201,0
2201,2202,3
2202,2203,0
2203,2204,0
2204,2205,3
2205,2206,0
2206,2207,2
2207,2208,2
2208,2209,2
2209,2210,1
2210,2211,0
2211,2212,4
2212,2213,3
2213,2214,3
2214,2215,3
2215,2216,3
2216,2217,2
2217,2218,1
2218,2219,4
2219,2220,3
2220,2221,0
2221,2222,3
2222,2223,4
2223,2224,1
2224,2225,4
2225,2226,3
2226,2227,0
2227,2228,1
2228,2229,0
2229,2230,3
2230,2231,0
2231,2232,1
2232,2233,3
2233,2234,0
2234,2235,2
2235,2236,4
2236,2237,3
2237,2238,3
2238,2239,4
2239,2240,0
2240,2241,0
2241,2242,4
2242,2243,4
2243,2244,4
2244,2245,4
2245,2246,4
2246,2247,0
2247,2248,3
2248,2249,4
2249,2250,1
2250,2251,1
2251,2252,3
2252,2253,3
2253,2254,2
2254,2255,3
2255,2256,3
2256,2257,3
2257,2258,3
2258,2259,3
2259,2260,3
2260,2261,2
2261,2262,0
2262,2263,4
2263,2264,3
2264,2265,0
2265,2266,3
2266,2267,3
2267,2268,3
2268,2269,3
2269,2270,2
2270,2271,0
2271,2272,4
2272,2273,2
2273,2274,2
2274,2275,0
2275,2276,0
2276,2277,3
2277,2278,0
2278,2279,0
2279,2280,0
2280,2281,0
2281,2282,0
2282,2283,1
2283,2284,1
2284,2285,3
2285,2286,1
2286,2287,0
2287,2288,2
2288,2289,3
2289,2290,4
2290,2291,0
2291,2292,0
2292,2293,3
2293,2294,0
2294,2295,0
2295,2296,3
2296,2297,0
2297,2298,1
2298,2299,3
2299,2300,0
2300,2301,3
2301,2302,0
2302,2303,0
2303,2304,1
2304,2305,0
2305,2306,3
2306,2307,2
2307,2308,3
2308,2309,3
2309,2310,0
2310,2311,3
2311,2312,0
2312,2313,3
2313,2314,3
2314,2315,0
2315,2316,2
2316,2317,3
2317,2318,0
2318,2319,0
2319,2320,3
2320,2321,2
2321,2322,3
2322,2323,2
2323,2324,1
2324,2325,3
2325,2326,2
2326,2327,2
2327,2328,0
2328,2329,3
2329,2330,0
2330,2331,0
2331,2332,0
2332,2333,0
2333,2334,3
2334,2335,0
2335,2336,2
2336,2337,1
2337,2338,0
2338,2339,3
2339,2340,4
2340,2341,0
2341,2342,4
2342,2343,3
2343,2344,2
2344,2345,1
2345,2346,3
2346,2347,4
2347,2348,0
2348,2349,4
2349,2350,4
2350,2351,3
2351,2352,0
2352,2353,3
2353,2354,1
2354,2355,3
2355,2356,3
2356,2357,3
2357,2358,3
2358,2359,0
2359,2360,0
2360,2361,0
2361,2362,1
2362,2363,0
2363,2364,3
2364,2365,0
2365,2366,3
2366,2367,3
2367,2368,0
2368,2369,2
2369,2370,0
2370,2371,3
2371,2372,3
2372,2373,0
2373,2374,1
2374,2375,3
2375,2376,2
2376,2377,2
2377,2378,4
2378,2379,2
2379,2380,2
2380,2381,3
2381,2382,0
2382,2383,3
2383,2384,1
2384,2385,3
2385,2386,3
2386,2387,1
2387,2388,0
2388,2389,1
2389,2390,3
2390,2391,0
2391,2392,3
2392,2393,0
2393,2394,2
2394,2395,2
2395,2396,3
2396,2397,3
2397,2398,4
2398,2399,2
2399,2400,3
2400,2401,2
2401,2402,0
2402,2403,2
2403,2404,4
2404,2405,0
2405,2406,0
2406,2407,2
2407,2408,3
2408,2409,3
2409,2410,0
2410,2411,3
2411,2412,0
2412,2413,3
2413,2414,4
2414,2415,2
2415,2416,0
2416,2417,0
2417,2418,3
2418,2419,2
2419,2420,0
2420,2421,2
2421,2422,3
2422,2423,3
2423,2424,1
2424,2425,3
2425,2426,0
2426,2427,3
2427,2428,0
2428,2429,2
2429,2430,2
2430,2431,3
2431,2432,2
2432,2433,2
2433,2434,2
2434,2435,2
2435,2436,2
2436,2437,2
2437,2438,2
2438,2439,0
2439,2440,0
2440,2441,3
2441,2442,1
2442,2443,3
2443,2444,3
2444,2445,4
2445,2446,2
2446,2447,2
2447,2448,2
2448,2449,0
2449,2450,0
2450,2451,0
2451,2452,0
2452,2453,4
2453,2454,4
2454,2455,0
2455,2456,4
2456,2457,4
2457,2458,4
2458,2459,0
2459,2460,3
2460,2461,4
2461,2462,4
2462,2463,2
2463,2464,3
2464,2465,0
2465,2466,1
2466,2467,2
2467,2468,0
2468,2469,4
2469,2470,1
2470,2471,0
2471,2472,1
2472,2473,1
2473,2474,1
2474,2475,1
2475,2476,0
2476,2477,0
2477,2478,0
2478,2479,3
2479,2480,1
2480,2481,2
2481,2482,3
2482,2483,0
2483,2484,0
2484,2485,1
2485,2486,1
2486,2487,0
2487,2488,3
2488,2489,3
2489,2490,1
2490,2491,2
2491,2492,3
2492,2493,4
2493,2494,4
2494,2495,3
2495,2496,0
2496,2497,3
2497,2498,0
2498,2499,0
2499,2500,0
2500,2501,1
2501,2502,0
2502,2503,2
2503,2504,4
2504,2505,4
2505,2506,3
2506,2507,4
2507,2508,3
2508,2509,2
2509,2510,2
2510,2511,2
2511,2512,3
2512,2513,0
2513,2514,0
2514,2515,0
2515,2516,3
2516,2517,3
2517,2518,2
2518,2519,3
2519,2520,3
2520,2521,1
2521,2522,1
2522,2523,1
2523,2524,3
2524,2525,3
2525,2526,0
2526,2527,1
2527,2528,0
2528,2529,3
2529,2530,4
2530,2531,3
2531,2532,3
2532,2533,3
2533,2534,3
2534,2535,3
2535,2536,0
2536,2537,2
2537,2538,0
2538,2539,2
2539,2540,3
2540,2541,3
2541,2542,3
2542,2543,3
2543,2544,0
2544,2545,0
2545,2546,3
2546,2547,3
2547,2548,3
2548,2549,0
2549,2550,0
2550,2551,1
2551,2552,3
2552,2553,2
2553,2554,4
2554,2555,0
2555,2556,2
2556,2557,3
2557,2558,0
2558,2559,2
2559,2560,3
2560,2561,2
2561,2562,4
2562,2563,0
2563,2564,3
2564,2565,2
2565,2566,1
2566,2567,2
2567,2568,1
2568,2569,0
2569,2570,3
2570,2571,2
2571,2572,1
2572,2573,1
2573,2574,0
2574,2575,4
2575,2576,1
2576,2577,4
2577,2578,0
2578,2579,1
2579,2580,3
2580,2581,1
2581,2582,3
2582,2583,2
2583,2584,3
2584,2585,0
2585,2586,1
2586,2587,4
2587,2588,3
2588,2589,2
2589,2590,4
2590,2591,4
2591,2592,0
2592,2593,0
2593,2594,2
2594,2595,2
2595,2596,0
2596,2597,3
2597,2598,2
2598,2599,1
2599,2600,2
2600,2601,2
2601,2602,1
2602,2603,2
2603,2604,4
2604,2605,4
2605,2606,0
2606,2607,3
2607,2608,3
2608,2609,3
2609,2610,0
2610,2611,2
2611,2612,3
2612,2613,4
2613,2614,2
2614,2615,2
2615,2616,2
2616,2617,3
2617,2618,3
2618,2619,1
2619,2620,4
2620,2621,4
2621,2622,3
2622,2623,0
2623,2624,3
2624,2625,4
2625,2626,0
2626,2627,2
2627,2628,3
2628,2629,2
2629,2630,3
2630,2631,3
2631,2632,0
2632,2633,3
2633,2634,0
2634,2635,2
2635,2636,1
2636,2637,3
2637,2638,2
2638,2639,3
2639,2640,1
2640,2641,2
2641,2642,4
2642,2643,1
2643,2644,1
2644,2645,4
2645,2646,0
2646,2647,3
2647,2648,2
2648,2649,1
2649,2650,0
2650,2651,0
2651,2652,1
2652,2653,4
2653,2654,3
2654,2655,4
2655,2656,0
2656,2657,3
2657,2658,4
2658,2659,2
2659,2660,0
2660,2661,0
2661,2662,2
2662,2663,3
2663,2664,4
2664,2665,1
2665,2666,0
2666,2667,3
2667,2668,3
2668,2669,0
2669,2670,4
2670,2671,3
2671,2672,2
2672,2673,4
2673,2674,4
2674,2675,1
2675,2676,0
2676,2677,3
2677,2678,4
2678,2679,3
2679,2680,2
2680,2681,3
2681,2682,4
2682,2683,4
2683,2684,3
2684,2685,0
2685,2686,4
2686,2687,2
2687,2688,1
2688,2689,2
2689,2690,2
2690,2691,2
2691,2692,3
2692,2693,0
2693,2694,4
2694,2695,0
2695,2696,2
2696,2697,3
2697,2698,3
2698,2699,3
2699,2700,2
2700,2701,0
2701,2702,0
2702,2703,1
2703,2704,0
2704,2705,2
2705,2706,3
2706,2707,0
2707,2708,2
2708,2709,3
2709,2710,1
2710,2711,3
2711,2712,3
2712,2713,4
2713,2714,4
2714,2715,3
2715,2716,3
2716,2717,4
2717,2718,3
2718,2719,1
2719,2720,2
2720,2721,0
2721,2722,2
2722,2723,3
2723,2724,3
2724,2725,2
2725,2726,0
2726,2727,1
2727,2728,2
2728,2729,0
2729,2730,0
2730,2731,2
2731,2732,1
2732,2733,1
2733,2734,3
2734,2735,2
2735,2736,0
2736,2737,4
2737,2738,3
2738,2739,3
2739,2740,0
2740,2741,1
2741,2742,1
2742,2743,1
2743,2744,1
2744,2745,3
2745,2746,0
2746,2747,3
2747,2748,4
2748,2749,2
2749,2750,3
2750,2751,3
2751,2752,1
2752,2753,3
2753,2754,0
2754,2755,2
2755,2756,4
2756,2757,2
2757,2758,0
2758,2759,2
2759,2760,0
2760,2761,4
2761,2762,0
2762,2763,3
2763,2764,4
2764,2765,0
2765,2766,0
2766,2767,4
2767,2768,1
2768,2769,2
2769,2770,2
2770,2771,4
2771,2772,2
2772,2773,4
2773,2774,4
2774,2775,3
2775,2776,2
2776,2777,4
2777,2778,0
2778,2779,2
2779,2780,1
2780,2781,4
2781,2782,3
2782,2783,1
2783,2784,0
2784,2785,0
2785,2786,4
2786,2787,4
2787,2788,0
2788,2789,4
2789,2790,1
2790,2791,0
2791,2792,2
2792,2793,4
2793,2794,2
2794,2795,0
2795,2796,1
2796,2797,3
2797,2798,2
2798,2799,4
2799,2800,3
2800,2801,3
2801,2802,2
2802,2803,4
2803,2804,3
2804,2805,0
2805,2806,2
2806,2807,3
2807,2808,0
2808,2809,2
2809,2810,3
2810,2811,1
2811,2812,1
2812,2813,1
2813,2814,2
2814,2815,1
2815,2816,4
2816,2817,1
2817,2818,1
2818,2819,0
2819,2820,3
2820,2821,2
2821,2822,0
2822,2823,2
2823,2824,2
2824,2825,1
2825,2826,2
2826,2827,1
2827,2828,2
2828,2829,0
2829,2830,4
2830,2831,2
2831,2832,2
2832,2833,1
2833,2834,2
2834,2835,1
2835,2836,2
2836,2837,4
2837,2838,4
2838,2839,2
2839,2840,4
2840,2841,0
2841,2842,1
2842,2843,3
2843,2844,1
2844,2845,4
2845,2846,3
2846,2847,2
2847,2848,4
2848,2849,1
2849,2850,1
2850,2851,3
2851,2852,1
2852,2853,4
2853,2854,3
2854,2855,4
2855,2856,2
2856,2857,2
2857,2858,3
2858,2859,4
2859,2860,2
2860,2861,2
2861,2862,0
2862,2863,3
2863,2864,3
2864,2865,3
2865,2866,4
2866,2867,0
2867,2868,1
2868,2869,0
2869,2870,1
2870,2871,3
2871,2872,1
2872,2873,3
2873,2874,3
2874,2875,2
2875,2876,2
2876,2877,4
2877,2878,1
2878,2879,4
2879,2880,1
2880,2881,3
2881,2882,1
2882,2883,1
2883,2884,3
2884,2885,3
2885,2886,4
2886,2887,4
2887,2888,1
2888,2889,4
2889,2890,4
2890,2891,3
2891,2892,4
2892,2893,4
2893,2894,4
2894,2895,2
2895,2896,1
2896,2897,4
2897,2898,2
2898,2899,1
2899,2900,1
2900,2901,1
2901,2902,1
2902,2903,2
2903,2904,2
2904,2905,1
2905,2906,1
2906,2907,3
2907,2908,4
2908,2909,2
2909,2910,1
2910,2911,3
2911,2912,3
2912,2913,1
2913,2914,4
2914,2915,2
2915,2916,4
2916,2917,4
2917,2918,1
2918,2919,1
2919,2920,4
2920,2921,0
2921,2922,1
2922,2923,1
2923,2924,3
2924,2925,3
2925,2926,3
2926,2927,2
2927,2928,4
2928,2929,4
2929,2930,0
2930,2931,2
2931,2932,1
2932,2933,2
2933,2934,1
2934,2935,4
2935,2936,3
2936,2937,3
2937,2938,3
2938,2939,3
2939,2940,2
2940,2941,1
2941,2942,3
2942,2943,1
2943,2944,3
2944,2945,3
2945,2946,1
2946,2947,3
2947,2948,1
2948,2949,1
2949,2950,4
2950,2951,3
2951,2952,2
2952,2953,1
2953,2954,2
2954,2955,1
2955,2956,1
2956,2957,4
2957,2958,4
2958,2959,2
2959,2960,4
2960,2961,1
2961,2962,4
2962,2963,3
2963,2964,2
2964,2965,3
2965,2966,3
2966,2967,4
2967,2968,3
2968,2969,2
2969,2970,4
2970,2971,4
2971,2972,4
2972,2973,3
2973,2974,4
2974,2975,2
2975,2976,1
2976,2977,3
2977,2978,1
2978,2979,4
2979,2980,0
2980,2981,0
2981,2982,4
2982,2983,4
2983,2984,4
2984,2985,4
2985,2986,2
2986,2987,2
2987,2988,3
2988,2989,1
2989,2990,1
2990,2991,0
2991,2992,2
2992,2993,2
2993,2994,4
2994,2995,1
2995,2996,4
2996,2997,3
2997,2998,3
2998,2999,2
2999,3000,4
3000,3001,4
3001,3002,0
3002,3003,1
3003,3004,3
3004,3005,1
3005,3006,4
3006,3007,4
3007,3008,4
3008,3009,3
3009,3010,1
3010,3011,2
3011,3012,1
3012,3013,1
3013,3014,2
3014,3015,0
3015,3016,1
3016,3017,3
3017,3018,4
3018,3019,0
3019,3020,3
3020,3021,3
3021,3022,1
3022,3023,3
3023,3024,2
3024,3025,3
3025,3026,3
3026,3027,4
3027,3028,2
3028,3029,4
3029,3030,4
3030,3031,4
3031,3032,4
3032,3033,2
3033,3034,3
3034,3035,3
3035,3036,0
3036,3037,3
3037,3038,3
3038,3039,3
3039,3040,2
3040,3041,4
3041,3042,0
3042,3043,4
3043,3044,1
3044,3045,4
3045,3046,4
3046,3047,3
3047,3048,2
3048,3049,3
3049,3050,1
3050,3051,1
3051,3052,2
3052,3053,3
3053,3054,4
3054,3055,3
3055,3056,2
3056,3057,3
3057,3058,1
3058,3059,4
3059,3060,3
3060,3061,0
3061,3062,2
3062,3063,2
3063,3064,1
3064,3065,3
3065,3066,4
3066,3067,3
3067,3068,3
3068,3069,4
3069,3070,3
3070,3071,2
3071,3072,0
3072,3073,4
3073,3074,2
3074,3075,3
3075,3076,1
3076,3077,4
3077,3078,3
3078,3079,3
3079,3080,1
3080,3081,4
3081,3082,3
3082,3083,3
3083,3084,2
3084,3085,4
3085,3086,1
3086,3087,3
3087,3088,3
3088,3089,1
3089,3090,4
3090,3091,3
3091,3092,1
3092,3093,1
3093,3094,2
3094,3095,3
3095,3096,3
3096,3097,3
3097,3098,4
3098,3099,2
3099,3100,3
3100,3101,1
3101,3102,2
3102,3103,1
3103,3104,2
3104,3105,1
3105,3106,4
3106,3107,1
3107,3108,0
3108,3109,3
3109,3110,2
3110,3111,4
3111,3112,1
3112,3113,4
3113,3114,4
3114,3115,1
3115,3116,1
3116,3117,4
3117,3118,4
3118,3119,0
3119,3120,4
3120,3121,2
3121,3122,3
3122,3123,4
3123,3124,2
3124,3125,2
3125,3126,2
3126,3127,3
3127,3128,2
3128,3129,2
3129,3130,2
3130,3131,3
3131,3132,4
3132,3133,2
3133,3134,4
3134,3135,2
3135,3136,3
3136,3137,2
3137,3138,1
3138,3139,0
3139,3140,3
3140,3141,1
3141,3142,1
3142,3143,3
3143,3144,3
3144,3145,2
3145,3146,2
3146,3147,1
3147,3148,1
3148,3149,4
3149,3150,3
3150,3151,3
3151,3152,4
3152,3153,3
3153,3154,3
3154,3155,4
3155,3156,2
3156,3157,1
3157,3158,2
3158,3159,3
3159,3160,1
3160,3161,4
3161,3162,2
3162,3163,1
3163,3164,1
3164,3165,4
3165,3166,2
3166,3167,4
3167,3168,3
3168,3169,0
3169,3170,2
3170,3171,3
3171,3172,1
3172,3173,1
3173,3174,3
3174,3175,2
3175,3176,1
3176,3177,3
3177,3178,3
3178,3179,3
3179,3180,2
3180,3181,2
3181,3182,2
3182,3183,0
3183,3184,3
3184,3185,4
3185,3186,0
3186,3187,2
3187,3188,0
3188,3189,1
3189,3190,1
3190,3191,2
3191,3192,2
3192,3193,4
3193,3194,1
3194,3195,4
3195,3196,3
3196,3197,3
3197,3198,1
3198,3199,4
3199,3200,3
3200,3201,0
3201,3202,3
3202,3203,4
3203,3204,1
3204,3205,3
3205,3206,1
3206,3207,4
3207,3208,2
3208,3209,2
3209,3210,3
3210,3211,0
3211,3212,3
3212,3213,3
3213,3214,3
3214,3215,3
3215,3216,4
3216,3217,3
3217,3218,0
3218,3219,3
3219,3220,4
3220,3221,2
3221,3222,2
3222,3223,2
3223,3224,3
3224,3225,2
3225,3226,2
3226,3227,3
3227,3228,2
3228,3229,3
3229,3230,1
3230,3231,4
3231,3232,1
3232,3233,0
3233,3234,3
3234,3235,4
3235,3236,1
3236,3237,2
3237,3238,2
3238,3239,3
3239,3240,4
3240,3241,3
3241,3242,0
3242,3243,1
3243,3244,3
3244,3245,2
3245,3246,3
3246,3247,1
3247,3248,3
3248,3249,3
3249,3250,4
3250,3251,2
3251,3252,0
3252,3253,3
3253,3254,3
3254,3255,3
3255,3256,1
3256,3257,1
3257,3258,0
3258,3259,3
3259,3260,4
3260,3261,1
3261,3262,1
3262,3263,0
3263,3264,3
3264,3265,1
3265,3266,3
3266,3267,4
3267,3268,2
3268,3269,3
3269,3270,2
3270,3271,3
3271,3272,2
3272,3273,2
3273,3274,2
3274,3275,2
3275,3276,1
3276,3277,1
3277,3278,2
3278,3279,1
3279,3280,2
3280,3281,1
3281,3282,0
3282,3283,1
3283,3284,4
3284,3285,4
3285,3286,3
3286,3287,0
3287,3288,1
3288,3289,0
3289,3290,1
3290,3291,3
3291,3292,3
3292,3293,0
3293,3294,4
3294,3295,1
3295,3296,1
3296,3297,4
3297,3298,2
3298,3299,3
3299,3300,2
3300,3301,3
3301,3302,1
3302,3303,0
3303,3304,3
3304,3305,1
3305,3306,0
3306,3307,0
3307,3308,3
3308,3309,2
3309,3310,0
3310,3311,4
3311,3312,3
3312,3313,1
3313,3314,2
3314,3315,1
3315,3316,1
3316,3317,4
3317,3318,0
3318,3319,3
3319,3320,4
3320,3321,4
3321,3322,3
3322,3323,2
3323,3324,1
3324,3325,3
3325,3326,0
3326,3327,1
3327,3328,0
3328,3329,0
3329,3330,3
3330,3331,3
3331,3332,2
3332,3333,2
3333,3334,2
3334,3335,2
3335,3336,1
3336,3337,4
3337,3338,0
3338,3339,1
3339,3340,0
3340,3341,1
3341,3342,3
3342,3343,3
3343,3344,2
3344,3345,2
3345,3346,4
3346,3347,3
3347,3348,1
3348,3349,3
3349,3350,3
3350,3351,3
3351,3352,2
3352,3353,1
3353,3354,2
3354,3355,4
3355,3356,4
3356,3357,1
3357,3358,3
3358,3359,1
3359,3360,3
3360,3361,4
3361,3362,3
3362,3363,3
3363,3364,0
3364,3365,0
3365,3366,2
3366,3367,0
3367,3368,1
3368,3369,0
3369,3370,4
3370,3371,4
3371,3372,0
3372,3373,1
3373,3374,4
3374,3375,4
3375,3376,2
3376,3377,2
3377,3378,4
3378,3379,2
3379,3380,0
3380,3381,4
3381,3382,3
3382,3383,0
3383,3384,4
3384,3385,3
3385,3386,4
3386,3387,4
3387,3388,3
3388,3389,2
3389,3390,3
3390,3391,4
3391,3392,0
3392,3393,1
3393,3394,4
3394,3395,2
3395,3396,2
3396,3397,4
3397,3398,1
3398,3399,2
3399,3400,2
3400,3401,4
3401,3402,1
3402,3403,4
3403,3404,4
3404,3405,1
3405,3406,3
3406,3407,3
3407,3408,2
3408,3409,4
3409,3410,2
3410,3411,2
3411,3412,1
3412,3413,3
3413,3414,1
3414,3415,4
3415,3416,2
3416,3417,3
3417,3418,3
3418,3419,0
3419,3420,3
3420,3421,0
3421,3422,4
3422,3423,4
3423,3424,4
3424,3425,1
3425,3426,1
3426,3427,1
3427,3428,0
3428,3429,3
3429,3430,3
3430,3431,3
3431,3432,2
3432,3433,1
3433,3434,4
3434,3435,0
3435,3436,4
3436,3437,3
3437,3438,3
3438,3439,1
3439,3440,0
3440,3441,3
3441,3442,2
3442,3443,3
3443,3444,0
3444,3445,1
3445,3446,2
3446,3447,1
3447,3448,3
3448,3449,2
3449,3450,4
3450,3451,3
3451,3452,2
3452,3453,2
3453,3454,4
3454,3455,3
3455,3456,1
3456,3457,2
3457,3458,0
3458,3459,4
3459,3460,2
3460,3461,4
3461,3462,3
3462,3463,1
3463,3464,3
3464,3465,1
3465,3466,1
3466,3467,1
3467,3468,1
3468,3469,0
3469,3470,1
3470,3471,4
3471,3472,2
3472,3473,3
3473,3474,2
3474,3475,2
3475,3476,0
3476,3477,3
3477,3478,2
3478,3479,4
3479,3480,4
3480,3481,4
3481,3482,0
3482,3483,3
3483,3484,2
3484,3485,4
3485,3486,3
3486,3487,4
3487,3488,1
3488,3489,4
3489,3490,4
3490,3491,2
3491,3492,4
3492,3493,1
3493,3494,2
3494,3495,4
3495,3496,4
3496,3497,3
3497,3498,2
3498,3499,4
3499,3500,2
3500,3501,3
3501,3502,3
3502,3503,4
3503,3504,2
3504,3505,3
3505,3506,1
3506,3507,2
3507,3508,2
3508,3509,2
3509,3510,3
3510,3511,0
3511,3512,2
3512,3513,2
3513,3514,2
3514,3515,4
3515,3516,4
3516,3517,1
3517,3518,3
3518,3519,3
3519,3520,4
3520,3521,4
3521,3522,4
3522,3523,4
3523,3524,3
3524,3525,3
3525,3526,4
3526,3527,4
3527,3528,2
3528,3529,3
3529,3530,4
3530,3531,3
3531,3532,3
3532,3533,4
3533,3534,1
3534,3535,1
3535,3536,4
3536,3537,4
3537,3538,4
3538,3539,3
3539,3540,1
3540,3541,2
3541,3542,2
3542,3543,1
3543,3544,3
3544,3545,1
3545,3546,1
3546,3547,1
3547,3548,0
3548,3549,3
3549,3550,4
3550,3551,3
3551,3552,3
3552,3553,1
3553,3554,2
3554,3555,0
3555,3556,2
3556,3557,4
3557,3558,1
3558,3559,2
3559,3560,3
3560,3561,1
3561,3562,3
3562,3563,2
3563,3564,2
3564,3565,1
3565,3566,0
3566,3567,1
3567,3568,4
3568,3569,3
3569,3570,2
3570,3571,2
3571,3572,2
3572,3573,2
3573,3574,3
3574,3575,1
3575,3576,0
3576,3577,3
3577,3578,0
3578,3579,4
3579,3580,3
3580,3581,4
3581,3582,3
3582,3583,3
3583,3584,4
3584,3585,1
3585,3586,1
3586,3587,4
3587,3588,4
3588,3589,3
3589,3590,3
3590,3591,4
3591,3592,3
3592,3593,3
3593,3594,2
3594,3595,4
3595,3596,3
3596,3597,1
3597,3598,0
3598,3599,1
3599,3600,1
3600,3601,3
3601,3602,1
3602,3603,3
3603,3604,3
3604,3605,1
3605,3606,3
3606,3607,1
3607,3608,3
3608,3609,3
3609,3610,2
3610,3611,4
3611,3612,2
3612,3613,4
3613,3614,4
3614,3615,1
3615,3616,0
3616,3617,0
3617,3618,0
3618,3619,1
3619,3620,4
3620,3621,2
3621,3622,2
3622,3623,0
3623,3624,1
3624,3625,2
3625,3626,1
3626,3627,3
3627,3628,4
3628,3629,3
3629,3630,4
3630,3631,4
3631,3632,0
3632,3633,1
3633,3634,0
3634,3635,0
3635,3636,2
3636,3637,4
3637,3638,4
3638,3639,4
3639,3640,2
3640,3641,4
3641,3642,3
3642,3643,2
3643,3644,3
3644,3645,1
3645,3646,1
3646,3647,4
3647,3648,4
3648,3649,3
3649,3650,4
3650,3651,1
3651,3652,1
3652,3653,1
3653,3654,1
3654,3655,3
3655,3656,3
3656,3657,1
3657,3658,3
3658,3659,2
3659,3660,2
3660,3661,2
3661,3662,2
3662,3663,3
3663,3664,3
3664,3665,4
3665,3666,0
3666,3667,3
3667,3668,3
3668,3669,1
3669,3670,0
3670,3671,4
3671,3672,2
3672,3673,2
3673,3674,1
3674,3675,2
3675,3676,3
3676,3677,3
3677,3678,2
3678,3679,4
3679,3680,3
3680,3681,2
3681,3682,3
3682,3683,2
3683,3684,1
3684,3685,4
3685,3686,4
3686,3687,3
3687,3688,2
3688,3689,4
3689,3690,4
3690,3691,2
3691,3692,1
3692,3693,1
3693,3694,2
3694,3695,4
3695,3696,2
3696,3697,1
3697,3698,4
3698,3699,3
3699,3700,2
3700,3701,4
3701,3702,1
3702,3703,1
3703,3704,3
3704,3705,0
3705,3706,2
3706,3707,3
3707,3708,0
3708,3709,1
3709,3710,2
3710,3711,2
3711,3712,1
3712,3713,3
3713,3714,1
3714,3715,4
3715,3716,2
3716,3717,1
3717,3718,0
3718,3719,4
3719,3720,0
3720,3721,1
3721,3722,1
3722,3723,1
3723,3724,4
3724,3725,2
3725,3726,1
3726,3727,4
3727,3728,2
3728,3729,2
3729,3730,4
3730,3731,1
3731,3732,1
3732,3733,2
3733,3734,4
3734,3735,2
3735,3736,4
3736,3737,2
3737,3738,0
3738,3739,0
3739,3740,4
3740,3741,4
3741,3742,4
3742,3743,3
3743,3744,4
3744,3745,3
3745,3746,4
3746,3747,1
3747,3748,2
3748,3749,3
3749,3750,3
3750,3751,3
3751,3752,3
3752,3753,2
3753,3754,0
3754,3755,3
3755,3756,1
3756,3757,4
3757,3758,3
3758,3759,4
3759,3760,0
3760,3761,2
3761,3762,0
3762,3763,4
3763,3764,2
3764,3765,3
3765,3766,3
3766,3767,4
3767,3768,4
3768,3769,2
3769,3770,3
3770,3771,2
3771,3772,2
3772,3773,4
3773,3774,4
3774,3775,2
3775,3776,3
3776,3777,2
3777,3778,4
3778,3779,3
3779,3780,4
3780,3781,3
3781,3782,3
3782,3783,4
3783,3784,3
3784,3785,1
3785,3786,3
3786,3787,3
3787,3788,3
3788,3789,3
3789,3790,3
3790,3791,0
3791,3792,4
3792,3793,2
3793,3794,3
3794,3795,3
3795,3796,0
3796,3797,2
3797,3798,4
3798,3799,2
3799,3800,4
3800,3801,2
3801,3802,4
3802,3803,3
3803,3804,2
3804,3805,3
3805,3806,4
3806,3807,3
3807,3808,4
3808,3809,2
3809,3810,0
3810,3811,1
3811,3812,1
3812,3813,4
3813,3814,1
3814,3815,1
3815,3816,3
3816,3817,2
3817,3818,0
3818,3819,2
3819,3820,1
3820,3821,1
3821,3822,1
3822,3823,0
3823,3824,1
3824,3825,2
3825,3826,4
3826,3827,0
3827,3828,1
3828,3829,3
3829,3830,4
3830,3831,3
3831,3832,3
3832,3833,4
3833,3834,2
3834,3835,2
3835,3836,3
3836,3837,2
3837,3838,3
3838,3839,0
3839,3840,3
3840,3841,0
3841,3842,3
3842,3843,3
3843,3844,4
3844,3845,1
3845,3846,4
3846,3847,2
3847,3848,1
3848,3849,2
3849,3850,4
3850,3851,1
3851,3852,0
3852,3853,1
3853,3854,2
3854,3855,2
3855,3856,1
3856,3857,2
3857,3858,3
3858,3859,4
3859,3860,0
3860,3861,2
3861,3862,2
3862,3863,4
3863,3864,0
3864,3865,3
3865,3866,0
3866,3867,4
3867,3868,1
3868,3869,1
3869,3870,1
3870,3871,4
3871,3872,2
3872,3873,3
3873,3874,4
3874,3875,4
3875,3876,2
3876,3877,0
3877,3878,2
3878,3879,4
3879,3880,4
3880,3881,4
3881,3882,0
3882,3883,0
3883,3884,4
3884,3885,1
3885,3886,4
3886,3887,4
3887,3888,0
3888,3889,0
3889,3890,2
3890,3891,3
3891,3892,1
3892,3893,4
3893,3894,2
3894,3895,3
3895,3896,4
3896,3897,0
3897,3898,0
3898,3899,2
3899,3900,3
3900,3901,1
3901,3902,4
3902,3903,2
3903,3904,2
3904,3905,1
3905,3906,0
3906,3907,3
3907,3908,2
3908,3909,2
3909,3910,1
3910,3911,4
3911,3912,2
3912,3913,1
3913,3914,4
3914,3915,3
3915,3916,2
3916,3917,3
3917,3918,1
3918,3919,0
3919,3920,1
3920,3921,1
3921,3922,4
3922,3923,4
3923,3924,0
3924,3925,1
3925,3926,4
3926,3927,3
3927,3928,4
3928,3929,4
3929,3930,0
3930,3931,4
3931,3932,4
3932,3933,3
3933,3934,4
3934,3935,1
3935,3936,3
3936,3937,0
3937,3938,4
3938,3939,0
3939,3940,1
3940,3941,0
3941,3942,4
3942,3943,3
3943,3944,3
3944,3945,3
3945,3946,3
3946,3947,4
3947,3948,3
3948,3949,0
3949,3950,4
3950,3951,3
3951,3952,3
3952,3953,1
3953,3954,2
3954,3955,2
3955,3956,4
3956,3957,2
3957,3958,0
3958,3959,3
3959,3960,3
3960,3961,4
3961,3962,3
3962,3963,0
3963,3964,0
3964,3965,1
3965,3966,2
3966,3967,3
3967,3968,2
3968,3969,0
3969,3970,3
3970,3971,3
3971,3972,3
3972,3973,4
3973,3974,2
3974,3975,3
3975,3976,3
3976,3977,2
3977,3978,1
3978,3979,3
3979,3980,4
3980,3981,3
3981,3982,0
3982,3983,2
3983,3984,4
3984,3985,0
3985,3986,2
3986,3987,3
3987,3988,3
3988,3989,0
3989,3990,2
3990,3991,2
3991,3992,2
3992,3993,2
3993,3994,0
3994,3995,2
3995,3996,2
3996,3997,1
3997,3998,4
3998,3999,1
3999,4000,2
4000,4001,3
4001,4002,0
4002,4003,0
4003,4004,0
4004,4005,2
4005,4006,4
4006,4007,1
4007,4008,4
4008,4009,2
4009,4010,1
4010,4011,1
4011,4012,4
4012,4013,4
4013,4014,4
4014,4015,3
4015,4016,0
4016,4017,2
4017,4018,3
4018,4019,1
4019,4020,4
4020,4021,1
4021,4022,1
4022,4023,3
4023,4024,4
4024,4025,3
4025,4026,4
4026,4027,3
4027,4028,2
4028,4029,3
4029,4030,4
4030,4031,4
4031,4032,1
4032,4033,2
4033,4034,2
4034,4035,4
4035,4036,4
4036,4037,0
4037,4038,0
4038,4039,1
4039,4040,1
4040,4041,4
4041,4042,1
4042,4043,3
4043,4044,3
4044,4045,0
4045,4046,0
4046,4047,2
4047,4048,3
4048,4049,0
4049,4050,4
4050,4051,2
4051,4052,4
4052,4053,1
4053,4054,4
4054,4055,0
4055,4056,2
4056,4057,2
4057,4058,4
4058,4059,1
4059,4060,1
4060,4061,0
4061,4062,4
4062,4063,3
4063,4064,0
4064,4065,3
4065,4066,2
4066,4067,1
4067,4068,0
4068,4069,2
4069,4070,1
4070,4071,1
4071,4072,0
4072,4073,4
4073,4074,4
4074,4075,1
4075,4076,1
4076,4077,3
4077,4078,2
4078,4079,1
4079,4080,4
4080,4081,2
4081,4082,1
4082,4083,0
4083,4084,0
4084,4085,3
4085,4086,3
4086,4087,4
4087,4088,4
4088,4089,4
4089,4090,0
4090,4091,1
4091,4092,3
4092,4093,4
4093,4094,1
4094,4095,2
4095,4096,1
4096,4097,4
4097,4098,4
4098,4099,1
4099,4100,0
4100,4101,2
4101,4102,2
4102,4103,2
4103,4104,1
4104,4105,0
4105,4106,1
4106,4107,3
4107,4108,1
4108,4109,4
4109,4110,3
4110,4111,2
4111,4112,0
4112,4113,1
4113,4114,1
4114,4115,1
4115,4116,2
4116,4117,4
4117,4118,4
4118,4119,0
4119,4120,1
4120,4121,0
4121,4122,1
4122,4123,3
4123,4124,1
4124,4125,2
4125,4126,1
4126,4127,0
4127,4128,4
4128,4129,0
4129,4130,4
4130,4131,0
4131,4132,1
4132,4133,0
4133,4134,3
4134,4135,2
4135,4136,0
4136,4137,4
4137,4138,4
4138,4139,0
4139,4140,2
4140,4141,1
4141,4142,0
4142,4143,3
4143,4144,2
4144,4145,3
4145,4146,1
4146,4147,3
4147,4148,3
4148,4149,2
4149,4150,2
4150,4151,1
4151,4152,1
4152,4153,0
4153,4154,2
4154,4155,1
4155,4156,1
4156,4157,1
4157,4158,3
4158,4159,3
4159,4160,2
4160,4161,4
4161,4162,3
4162,4163,0
4163,4164,4
4164,4165,3
4165,4166,3
4166,4167,1
4167,4168,3
4168,4169,0
4169,4170,0
4170,4171,0
4171,4172,2
4172,4173,3
4173,4174,3
4174,4175,4
4175,4176,0
4176,4177,1
4177,4178,3
4178,4179,1
4179,4180,0
4180,4181,3
4181,4182,1
4182,4183,4
4183,4184,0
4184,4185,1
4185,4186,2
4186,4187,0
4187,4188,0
4188,4189,1
4189,4190,1
4190,4191,3
4191,4192,1
4192,4193,0
4193,4194,4
4194,4195,3
4195,4196,2
4196,4197,3
4197,4198,4
4198,4199,3
4199,4200,0
4200,4201,3
4201,4202,2
4202,4203,1
4203,4204,2
4204,4205,3
4205,4206,3
4206,4207,4
4207,4208,3
4208,4209,0
4209,4210,1
4210,4211,0
4211,4212,0
4212,4213,4
4213,4214,3
4214,4215,4
4215,4216,2
4216,4217,2
4217,4218,0
4218,4219,1
4219,4220,4
4220,4221,4
4221,4222,3
4222,4223,3
4223,4224,3
4224,4225,3
4225,4226,3
4226,4227,2
4227,4228,0
4228,4229,1
4229,4230,0
4230,4231,3
4231,4232,1
4232,4233,2
4233,4234,3
4234,4235,0
4235,4236,3
4236,4237,1
4237,4238,1
4238,4239,0
4239,4240,1
4240,4241,2
4241,4242,0
4242,4243,0
4243,4244,1
4244,4245,0
4245,4246,3
4246,4247,4
4247,4248,2
4248,4249,3
4249,4250,3
4250,4251,0
4251,4252,3
4252,4253,0
4253,4254,1
4254,4255,0
4255,4256,3
4256,4257,0
4257,4258,2
4258,4259,1
4259,4260,1
4260,4261,3
4261,4262,3
4262,4263,2
4263,4264,0
4264,4265,2
4265,4266,0
4266,4267,2
4267,4268,3
4268,4269,1
4269,4270,0
4270,4271,4
4271,4272,0
4272,4273,0
4273,4274,3
4274,4275,3
4275,4276,3
4276,4277,1
4277,4278,3
4278,4279,1
4279,4280,1
4280,4281,0
4281,4282,2
4282,4283,3
4283,4284,0
4284,4285,4
4285,4286,2
4286,4287,2
4287,4288,3
4288,4289,2
4289,4290,1
4290,4291,1
4291,4292,4
4292,4293,3
4293,4294,4
4294,4295,1
4295,4296,0
4296,4297,0
4297,4298,3
4298,4299,3
4299,4300,3
4300,4301,2
4301,4302,0
4302,4303,4
4303,4304,4
4304,4305,3
4305,4306,0
4306,4307,4
4307,4308,4
4308,4309,4
4309,4310,4
4310,4311,0
4311,4312,1
4312,4313,3
4313,4314,1
4314,4315,4
4315,4316,4
4316,4317,3
4317,4318,2
4318,4319,2
4319,4320,4
4320,4321,0
4321,4322,3
4322,4323,4
4323,4324,4
4324,4325,2
4325,4326,3
4326,4327,1
4327,4328,0
4328,4329,3
4329,4330,3
4330,4331,2
4331,4332,3
4332,4333,0
4333,4334,4
4334,4335,4
4335,4336,3
4336,4337,1
4337,4338,3
4338,4339,4
4339,4340,3
4340,4341,1
4341,4342,4
4342,4343,1
4343,4344,4
4344,4345,3
4345,4346,1
4346,4347,1
4347,4348,0
4348,4349,4
4349,4350,2
4350,4351,2
4351,4352,2
4352,4353,2
4353,4354,1
4354,4355,0
4355,4356,1
4356,4357,3
4357,4358,2
4358,4359,2
4359,4360,3
4360,4361,1
4361,4362,1
4362,4363,1
4363,4364,1
4364,4365,3
4365,4366,2
4366,4367,4
4367,4368,2
4368,4369,0
4369,4370,2
4370,4371,3
4371,4372,1
4372,4373,0
4373,4374,4
4374,4375,3
4375,4376,3
4376,4377,4
4377,4378,2
4378,4379,2
4379,4380,3
4380,4381,4
4381,4382,2
4382,4383,3
4383,4384,4
4384,4385,4
4385,4386,4
4386,4387,3
4387,4388,0
4388,4389,4
4389,4390,2
4390,4391,3
4391,4392,4
4392,4393,4
4393,4394,4
4394,4395,0
4395,4396,4
4396,4397,4
4397,4398,3
4398,4399,3
4399,4400,3
4400,4401,2
4401,4402,3
4402,4403,1
4403,4404,4
4404,4405,1
4405,4406,1
4406,4407,2
4407,4408,3
4408,4409,1
4409,4410,1
4410,4411,4
4411,4412,2
4412,4413,2
4413,4414,2
4414,4415,2
4415,4416,2
4416,4417,2
4417,4418,3
4418,4419,3
4419,4420,1
4420,4421,4
4421,4422,2
4422,4423,4
4423,4424,4
4424,4425,4
4425,4426,1
4426,4427,4
4427,4428,1
4428,4429,4
4429,4430,3
4430,4431,1
4431,4432,2
4432,4433,4
4433,4434,3
4434,4435,4
4435,4436,2
4436,4437,3
4437,4438,0
4438,4439,2
4439,4440,4
4440,4441,4
4441,4442,1
4442,4443,0
4443,4444,3
4444,4445,2
4445,4446,1
4446,4447,0
4447,4448,2
4448,4449,2
4449,4450,1
4450,4451,2
4451,4452,3
4452,4453,4
4453,4454,2
4454,4455,2
4455,4456,3
4456,4457,1
4457,4458,3
4458,4459,2
4459,4460,1
4460,4461,1
4461,4462,3
4462,4463,0
4463,4464,3
4464,4465,2
4465,4466,2
4466,4467,3
4467,4468,3
4468,4469,3
4469,4470,2
4470,4471,4
4471,4472,3
4472,4473,4
4473,4474,2
4474,4475,2
4475,4476,0
4476,4477,4
4477,4478,2
4478,4479,0
4479,4480,4
4480,4481,2
4481,4482,3
4482,4483,3
4483,4484,3
4484,4485,4
4485,4486,4
4486,4487,2
4487,4488,4
4488,4489,4
4489,4490,4
4490,4491,4
4491,4492,0
4492,4493,3
4493,4494,0
4494,4495,2
4495,4496,0
4496,4497,0
4497,4498,0
4498,4499,4
4499,4500,0
4500,4501,1
4501,4502,0
4502,4503,0
4503,4504,3
4504,4505,0
4505,4506,0
4506,4507,4
4507,4508,2
4508,4509,2
4509,4510,0
4510,4511,4
4511,4512,2
4512,4513,0
4513,4514,4
4514,4515,0
4515,4516,4
4516,4517,3
4517,4518,4
4518,4519,0
4519,4520,4
4520,4521,2
4521,4522,4
4522,4523,4
4523,4524,4
4524,4525,2
4525,4526,2
4526,4527,4
4527,4528,2
4528,4529,4
4529,4530,3
4530,4531,4
4531,4532,2
4532,4533,1
4533,4534,4
4534,4535,2
4535,4536,1
4536,4537,3
4537,4538,2
4538,4539,2
4539,4540,3
4540,4541,4
4541,4542,4
4542,4543,2
4543,4544,0
4544,4545,1
4545,4546,4
4546,4547,2
4547,4548,2
4548,4549,3
4549,4550,2
4550,4551,1
4551,4552,2
4552,4553,3
4553,4554,3
4554,4555,3
4555,4556,0
4556,4557,2
4557,4558,1
4558,4559,2
4559,4560,4
4560,4561,3
4561,4562,1
4562,4563,3
4563,4564,2
4564,4565,1
4565,4566,2
4566,4567,4
4567,4568,3
4568,4569,2
4569,4570,1
4570,4571,2
4571,4572,3
4572,4573,0
4573,4574,4
4574,4575,3
4575,4576,3
4576,4577,0
4577,4578,2
4578,4579,3
4579,4580,3
4580,4581,2
4581,4582,3
4582,4583,0
4583,4584,3
4584,4585,2
4585,4586,2
4586,4587,2
4587,4588,3
4588,4589,2
4589,4590,3
4590,4591,2
4591,4592,4
4592,4593,3
4593,4594,1
4594,4595,1
4595,4596,3
4596,4597,3
4597,4598,3
4598,4599,3
4599,4600,4
4600,4601,1
4601,4602,2
4602,4603,3
4603,4604,2
4604,4605,1
4605,4606,3
4606,4607,2
4607,4608,3
4608,4609,3
4609,4610,3
4610,4611,3
4611,4612,3
4612,4613,2
4613,4614,3
4614,4615,1
4615,4616,2
4616,4617,3
4617,4618,1
4618,4619,3
4619,4620,3
4620,4621,4
4621,4622,1
4622,4623,2
4623,4624,1
4624,4625,4
4625,4626,1
4626,4627,0
4627,4628,3
4628,4629,3
4629,4630,3
4630,4631,4
4631,4632,4
4632,4633,4
4633,4634,1
4634,4635,4
4635,4636,2
4636,4637,3
4637,4638,4
4638,4639,2
4639,4640,4
4640,4641,2
4641,4642,4
4642,4643,4
4643,4644,0
4644,4645,3
4645,4646,3
4646,4647,1
4647,4648,4
4648,4649,0
4649,4650,2
4650,4651,3
4651,4652,3
4652,4653,1
4653,4654,1
4654,4655,3
4655,4656,1
4656,4657,0
4657,4658,4
4658,4659,3
4659,4660,3
4660,4661,1
4661,4662,3
4662,4663,4
4663,4664,3
4664,4665,2
4665,4666,4
4666,4667,1
4667,4668,1
4668,4669,2
4669,4670,4
4670,4671,1
4671,4672,0
4672,4673,1
4673,4674,3
4674,4675,3
4675,4676,0
4676,4677,0
4677,4678,4
4678,4679,0
4679,4680,2
4680,4681,3
4681,4682,2
4682,4683,2
4683,4684,3
4684,4685,4
4685,4686,4
4686,4687,2
4687,4688,2
4688,4689,2
4689,4690,3
4690,4691,3
4691,4692,3
4692,4693,4
4693,4694,0
4694,4695,1
4695,4696,2
4696,4697,4
4697,4698,3
4698,4699,3
4699,4700,3
4700,4701,0
4701,4702,2
4702,4703,2
4703,4704,2
4704,4705,3
4705,4706,1
4706,4707,4
4707,4708,4
4708,4709,0
4709,4710,3
4710,4711,1
4711,4712,2
4712,4713,1
4713,4714,0
4714,4715,4
4715,4716,3
4716,4717,0
4717,4718,2
4718,4719,3
4719,4720,4
4720,4721,1
4721,4722,1
4722,4723,4
4723,4724,3
4724,4725,4
4725,4726,3
4726,4727,3
4727,4728,1
4728,4729,0
4729,4730,0
4730,4731,1
4731,4732,2
4732,4733,1
4733,4734,0
4734,4735,0
4735,4736,1
4736,4737,2
4737,4738,0
4738,4739,2
4739,4740,3
4740,4741,2
4741,4742,4
4742,4743,0
4743,4744,0
4744,4745,3
4745,4746,0
4746,4747,2
4747,4748,0
4748,4749,0
4749,4750,3
4750,4751,0
4751,4752,3
4752,4753,0
4753,4754,3
4754,4755,3
4755,4756,0
4756,4757,2
4757,4758,0
4758,4759,3
4759,4760,2
4760,4761,2
4761,4762,3
4762,4763,0
4763,4764,2
4764,4765,3
4765,4766,2
4766,4767,3
4767,4768,2
4768,4769,2
4769,4770,3
4770,4771,3
4771,4772,0
4772,4773,0
4773,4774,0
4774,4775,2
4775,4776,3
4776,4777,4
4777,4778,4
4778,4779,0
4779,4780,1
4780,4781,3
4781,4782,0
4782,4783,4
4783,4784,3
4784,4785,3
4785,4786,0
4786,4787,4
4787,4788,4
4788,4789,4
4789,4790,3
4790,4791,4
4791,4792,3
4792,4793,3
4793,4794,3
4794,4795,0
4795,4796,4
4796,4797,3
4797,4798,2
4798,4799,3
4799,4800,4
4800,4801,2
4801,4802,0
4802,4803,3
4803,4804,3
4804,4805,4
4805,4806,1
4806,4807,2
4807,4808,4
4808,4809,3
4809,4810,1
4810,4811,2
4811,4812,2
4812,4813,3
4813,4814,1
4814,4815,3
4815,4816,3
4816,4817,2
4817,4818,3
4818,4819,2
4819,4820,0
4820,4821,1
4821,4822,3
4822,4823,4
4823,4824,4
4824,4825,1
4825,4826,0
4826,4827,2
4827,4828,3
4828,4829,2
4829,4830,4
4830,4831,3
4831,4832,2
4832,4833,1
4833,4834,3
4834,4835,2
4835,4836,3
4836,4837,4
4837,4838,0
4838,4839,3
4839,4840,3
4840,4841,1
4841,4842,3
4842,4843,0
4843,4844,0
4844,4845,3
4845,4846,3
4846,4847,1
4847,4848,3
4848,4849,3
4849,4850,3
4850,4851,1
4851,4852,4
4852,4853,4
4853,4854,3
4854,4855,1
4855,4856,4
4856,4857,2
4857,4858,2
4858,4859,3
4859,4860,4
4860,4861,2
4861,4862,4
4862,4863,3
4863,4864,1
4864,4865,3
4865,4866,0
4866,4867,2
4867,4868,2
4868,4869,3
4869,4870,3
4870,4871,2
4871,4872,0
4872,4873,0
4873,4874,3
4874,4875,4
4875,4876,3
4876,4877,4
4877,4878,0
4878,4879,4
4879,4880,3
4880,4881,0
4881,4882,0
4882,4883,3
4883,4884,1
4884,4885,0
4885,4886,3
4886,4887,2
4887,4888,3
4888,4889,4
4889,4890,3
4890,4891,1
4891,4892,1
4892,4893,1
4893,4894,2
4894,4895,3
4895,4896,4
4896,4897,2
4897,4898,2
4898,4899,1
4899,4900,1
4900,4901,2
4901,4902,1
4902,4903,1
4903,4904,0
4904,4905,3
4905,4906,0
4906,4907,3
4907,4908,1
4908,4909,3
4909,4910,1
4910,4911,3
4911,4912,1
4912,4913,3
4913,4914,3
4914,4915,1
4915,4916,1
4916,4917,0
4917,4918,3
4918,4919,4
4919,4920,2
4920,4921,3
4921,4922,1
4922,4923,1
4923,4924,3
4924,4925,3
4925,4926,4
4926,4927,4
4927,4928,3
4928,4929,0
4929,4930,0
4930,4931,1
4931,4932,4
4932,4933,1
4933,4934,3
4934,4935,1
4935,4936,3
4936,4937,2
4937,4938,3
4938,4939,4
4939,4940,3
4940,4941,0
4941,4942,0
4942,4943,3
4943,4944,0
4944,4945,0
4945,4946,3
4946,4947,1
4947,4948,4
4948,4949,4
4949,4950,1
4950,4951,3
4951,4952,3
4952,4953,1
4953,4954,4
4954,4955,0
4955,4956,1
4956,4957,4
4957,4958,4
4958,4959,2
4959,4960,0
4960,4961,2
4961,4962,4
4962,4963,1
4963,4964,4
4964,4965,4
4965,4966,0
4966,4967,4
4967,4968,1
4968,4969,1
4969,4970,3
4970,4971,4
4971,4972,4
4972,4973,3
4973,4974,1
4974,4975,4
4975,4976,1
4976,4977,4
4977,4978,1
4978,4979,4
4979,4980,4
4980,4981,0
4981,4982,1
4982,4983,3
4983,4984,4
4984,4985,2
4985,4986,1
4986,4987,3
4987,4988,1
4988,4989,4
4989,4990,3
4990,4991,3
4991,4992,3
4992,4993,0
4993,4994,0
4994,4995,0
4995,4996,4
4996,4997,4
4997,4998,3
4998,4999,3
4999,5000,4
5000,5001,3
5001,5002,1
5002,5003,1
5003,5004,3
5004,5005,1
5005,5006,4
5006,5007,3
5007,5008,1
5008,5009,3
5009,5010,0
5010,5011,4
5011,5012,0
5012,5013,2
5013,5014,4
5014,5015,4
5015,5016,3
5016,5017,1
5017,5018,3
5018,5019,2
5019,5020,3
5020,5021,0
5021,5022,4
5022,5023,1
5023,5024,3
5024,5025,1
5025,5026,1
5026,5027,3
5027,5028,1
5028,5029,4
5029,5030,4
5030,5031,3
5031,5032,2
5032,5033,3
5033,5034,3
5034,5035,3
5035,5036,2
5036,5037,2
5037,5038,2
5038,5039,3
5039,5040,0
5040,5041,3
5041,5042,3
5042,5043,3
5043,5044,3
5044,5045,4
5045,5046,1
5046,5047,0
5047,5048,3
5048,5049,1
5049,5050,3
5050,5051,3
5051,5052,2
5052,5053,4
5053,5054,2
5054,5055,3
5055,5056,0
5056,5057,0
5057,5058,0
5058,5059,0
5059,5060,1
5060,5061,3
5061,5062,0
5062,5063,3
5063,5064,4
5064,5065,2
5065,5066,3
5066,5067,0
5067,5068,2
5068,5069,3
5069,5070,4
5070,5071,3
5071,5072,1
5072,5073,0
5073,5074,2
5074,5075,0
5075,5076,2
5076,5077,2
5077,5078,0
5078,5079,4
5079,5080,3
5080,5081,3
5081,5082,2
5082,5083,2
5083,5084,2
5084,5085,0
5085,5086,2
5086,5087,3
5087,5088,1
5088,5089,3
5089,5090,3
5090,5091,2
5091,5092,0
5092,5093,0
5093,5094,4
5094,5095,3
5095,5096,1
5096,5097,0
5097,5098,0
5098,5099,2
5099,5100,0
5100,5101,4
5101,5102,1
5102,5103,3
5103,5104,1
5104,5105,0
5105,5106,3
5106,5107,3
5107,5108,3
5108,5109,3
5109,5110,1
5110,5111,4
5111,5112,1
5112,5113,4
5113,5114,3
5114,5115,0
5115,5116,4
5116,5117,3
5117,5118,4
5118,5119,3
5119,5120,0
5120,5121,4
5121,5122,2
5122,5123,0
5123,5124,2
5124,5125,0
5125,5126,2
5126,5127,0
5127,5128,0
5128,5129,0
5129,5130,3
5130,5131,3
5131,5132,4
5132,5133,2
5133,5134,1
5134,5135,4
5135,5136,1
5136,5137,1
5137,5138,1
5138,5139,0
5139,5140,2
5140,5141,1
5141,5142,4
5142,5143,4
5143,5144,3
5144,5145,4
5145,5146,0
5146,5147,4
5147,5148,1
5148,5149,2
5149,5150,4
5150,5151,1
5151,5152,3
5152,5153,4
5153,5154,2
5154,5155,2
5155,5156,2
5156,5157,4
5157,5158,3
5158,5159,2
5159,5160,3
5160,5161,2
5161,5162,1
5162,5163,0
5163,5164,3
5164,5165,4
5165,5166,0
5166,5167,2
5167,5168,2
5168,5169,3
5169,5170,4
5170,5171,0
5171,5172,3
5172,5173,4
5173,5174,0
5174,5175,3
5175,5176,4
5176,5177,0
5177,5178,0
5178,5179,1
5179,5180,1
5180,5181,2
5181,5182,3
5182,5183,3
5183,5184,1
5184,5185,3
5185,5186,1
5186,5187,2
5187,5188,3
5188,5189,3
5189,5190,3
5190,5191,3
5191,5192,4
5192,5193,2
5193,5194,4
5194,5195,4
5195,5196,0
5196,5197,3
5197,5198,3
5198,5199,3
5199,5200,3
5200,5201,0
5201,5202,2
5202,5203,3
5203,5204,0
5204,5205,2
5205,5206,4
5206,5207,4
5207,5208,4
5208,5209,0
5209,5210,3
5210,5211,4
5211,5212,4
5212,5213,2
5213,5214,3
5214,5215,3
5215,5216,4
5216,5217,2
5217,5218,4
5218,5219,4
5219,5220,4
5220,5221,3
5221,5222,1
5222,5223,0
5223,5224,2
5224,5225,4
5225,5226,4
5226,5227,4
5227,5228,4
5228,5229,4
5229,5230,1
5230,5231,4
5231,5232,2
5232,5233,4
5233,5234,3
5234,5235,2
5235,5236,1
5236,5237,4
5237,5238,3
5238,5239,2
5239,5240,3
5240,5241,3
5241,5242,2
5242,5243,4
5243,5244,2
5244,5245,3
5245,5246,3
5246,5247,3
5247,5248,3
5248,5249,3
5249,5250,0
5250,5251,3
5251,5252,1
5252,5253,0
5253,5254,2
5254,5255,4
5255,5256,2
5256,5257,3
5257,5258,4
5258,5259,4
5259,5260,4
5260,5261,2
5261,5262,3
5262,5263,2
5263,5264,2
5264,5265,4
5265,5266,4
5266,5267,2
5267,5268,3
5268,5269,4
5269,5270,1
5270,5271,3
5271,5272,4
5272,5273,1
5273,5274,4
5274,5275,1
5275,5276,3
5276,5277,1
5277,5278,3
5278,5279,3
5279,5280,2
5280,5281,4
5281,5282,3
5282,5283,4
5283,5284,1
5284,5285,4
5285,5286,1
5286,5287,4
5287,5288,0
5288,5289,4
5289,5290,3
5290,5291,0
5291,5292,4
5292,5293,1
5293,5294,4
5294,5295,4
5295,5296,3
5296,5297,2
5297,5298,1
5298,5299,4
5299,5300,1
5300,5301,2
5301,5302,3
5302,5303,3
5303,5304,3
5304,5305,3
5305,5306,3
5306,5307,4
5307,5308,0
5308,5309,2
5309,5310,3
5310,5311,0
5311,5312,2
5312,5313,0
5313,5314,3
5314,5315,2
5315,5316,4
5316,5317,3
5317,5318,1
5318,5319,1
5319,5320,3
5320,5321,2
5321,5322,1
5322,5323,1
5323,5324,2
5324,5325,3
5325,5326,4
5326,5327,4
5327,5328,3
5328,5329,3
5329,5330,3
5330,5331,2
5331,5332,2
5332,5333,3
5333,5334,3
5334,5335,1
5335,5336,0
5336,5337,3
5337,5338,2
5338,5339,1
5339,5340,3
5340,5341,3
5341,5342,3
5342,5343,3
5343,5344,3
5344,5345,3
5345,5346,3
5346,5347,4
5347,5348,4
5348,5349,3
5349,5350,4
5350,5351,3
5351,5352,3
5352,5353,4
5353,5354,3
5354,5355,0
5355,5356,4
5356,5357,3
5357,5358,2
5358,5359,2
5359,5360,2
5360,5361,3
5361,5362,1
5362,5363,0
5363,5364,3
5364,5365,1
5365,5366,1
5366,5367,4
5367,5368,3
5368,5369,2
5369,5370,1
5370,5371,1
5371,5372,2
5372,5373,1
5373,5374,2
5374,5375,2
5375,5376,1
5376,5377,3
5377,5378,2
5378,5379,4
5379,5380,2
5380,5381,2
5381,5382,2
5382,5383,4
5383,5384,3
5384,5385,1
5385,5386,1
5386,5387,3
5387,5388,3
5388,5389,0
5389,5390,4
5390,5391,2
5391,5392,0
5392,5393,2
5393,5394,4
5394,5395,0
5395,5396,4
5396,5397,4
5397,5398,0
5398,5399,2
5399,5400,3
5400,5401,3
5401,5402,3
5402,5403,4
5403,5404,2
5404,5405,3
5405,5406,3
5406,5407,3
5407,5408,2
5408,5409,0
5409,5410,3
5410,5411,3
5411,5412,1
5412,5413,4
5413,5414,2
5414,5415,3
5415,5416,3
5416,5417,2
5417,5418,3
5418,5419,3
5419,5420,3
5420,5421,2
5421,5422,0
5422,5423,3
5423,5424,3
5424,5425,4
5425,5426,1
5426,5427,2
5427,5428,3
5428,5429,3
5429,5430,3
5430,5431,0
5431,5432,0
5432,5433,3
5433,5434,3
5434,5435,0
5435,5436,4
5436,5437,1
5437,5438,1
5438,5439,0
5439,5440,3
5440,5441,0
5441,5442,4
5442,5443,2
5443,5444,3
5444,5445,4
5445,5446,3
5446,5447,0
5447,5448,1
5448,5449,2
5449,5450,2
5450,5451,3
5451,5452,2
5452,5453,2
5453,5454,2
5454,5455,3
5455,5456,2
5456,5457,1
5457,5458,3
5458,5459,3
5459,5460,2
5460,5461,0
5461,5462,1
5462,5463,4
5463,5464,4
5464,5465,3
5465,5466,1
5466,5467,4
5467,5468,1
5468,5469,2
5469,5470,0
5470,5471,2
5471,5472,2
5472,5473,2
5473,5474,2
5474,5475,4
5475,5476,3
5476,5477,4
5477,5478,2
5478,5479,4
5479,5480,3
5480,5481,0
5481,5482,2
5482,5483,3
5483,5484,0
5484,5485,2
5485,5486,2
5486,5487,1
5487,5488,1
5488,5489,4
5489,5490,1
5490,5491,2
5491,5492,4
5492,5493,1
5493,5494,3
5494,5495,3
5495,5496,4
5496,5497,4
5497,5498,3
5498,5499,3
5499,5500,3
5500,5501,2
5501,5502,4
5502,5503,3
5503,5504,0
5504,5505,3
5505,5506,3
5506,5507,0
5507,5508,1
5508,5509,2
5509,5510,2
5510,5511,4
5511,5512,3
5512,5513,4
5513,5514,3
5514,5515,2
5515,5516,3
5516,5517,0
5517,5518,0
5518,5519,1
5519,5520,0
5520,5521,3
5521,5522,2
5522,5523,4
5523,5524,3
5524,5525,3
5525,5526,3
5526,5527,4
5527,5528,0
5528,5529,2
5529,5530,3
5530,5531,0
5531,5532,2
5532,5533,3
5533,5534,0
5534,5535,1
5535,5536,1
5536,5537,3
5537,5538,0
5538,5539,1
5539,5540,2
5540,5541,0
5541,5542,0
5542,5543,1
5543,5544,2
5544,5545,3
5545,5546,2
5546,5547,3
5547,5548,3
5548,5549,3
5549,5550,1
5550,5551,1
5551,5552,0
5552,5553,2
5553,5554,4
5554,5555,2
5555,5556,0
5556,5557,2
5557,5558,2
5558,5559,0
5559,5560,3
5560,5561,3
5561,5562,3
5562,5563,3
5563,5564,0
5564,5565,2
5565,5566,2
5566,5567,0
5567,5568,4
5568,5569,3
5569,5570,2
5570,5571,3
5571,5572,3
5572,5573,3
5573,5574,2
5574,5575,2
5575,5576,4
5576,5577,0
5577,5578,3
5578,5579,3
5579,5580,0
5580,5581,2
5581,5582,0
5582,5583,0
5583,5584,3
5584,5585,2
5585,5586,1
5586,5587,2
5587,5588,3
5588,5589,3
5589,5590,3
5590,5591,2
5591,5592,4
5592,5593,1
5593,5594,3
5594,5595,1
5595,5596,2
5596,5597,3
5597,5598,2
5598,5599,4
5599,5600,3
5600,5601,4
5601,5602,4
5602,5603,0
5603,5604,1
5604,5605,3
5605,5606,3
5606,5607,2
5607,5608,4
5608,5609,3
5609,5610,3
5610,5611,3
5611,5612,3
5612,5613,3
5613,5614,2
5614,5615,2
5615,5616,0
5616,5617,1
5617,5618,3
5618,5619,3
5619,5620,1
5620,5621,2
5621,5622,2
5622,5623,1
5623,5624,2
5624,5625,2
5625,5626,0
5626,5627,2
5627,5628,4
5628,5629,2
5629,5630,2
5630,5631,2
5631,5632,3
5632,5633,0
5633,5634,1
5634,5635,3
5635,5636,4
5636,5637,2
5637,5638,2
5638,5639,3
5639,5640,1
5640,5641,3
5641,5642,4
5642,5643,3
5643,5644,3
5644,5645,4
5645,5646,4
5646,5647,4
5647,5648,1
5648,5649,3
5649,5650,3
5650,5651,3
5651,5652,4
5652,5653,0
5653,5654,4
5654,5655,3
5655,5656,2
5656,5657,0
5657,5658,0
5658,5659,2
5659,5660,4
5660,5661,3
5661,5662,2
5662,5663,1
5663,5664,4
5664,5665,2
5665,5666,2
5666,5667,2
5667,5668,3
5668,5669,0
5669,5670,4
5670,5671,2
5671,5672,3
5672,5673,3
5673,5674,4
5674,5675,2
5675,5676,1
5676,5677,2
5677,5678,1
5678,5679,2
5679,5680,1
5680,5681,3
5681,5682,2
5682,5683,3
5683,5684,1
5684,5685,1
5685,5686,0
5686,5687,3
5687,5688,3
5688,5689,4
5689,5690,4
5690,5691,1
5691,5692,3
5692,5693,3
5693,5694,3
5694,5695,3
5695,5696,3
5696,5697,4
5697,5698,1
5698,5699,1
5699,5700,3
5700,5701,4
5701,5702,4
5702,5703,0
5703,5704,3
5704,5705,3
5705,5706,2
5706,5707,2
5707,5708,4
5708,5709,4
5709,5710,1
5710,5711,4
5711,5712,4
5712,5713,3
5713,5714,4
5714,5715,4
5715,5716,2
5716,5717,2
5717,5718,3
5718,5719,0
5719,5720,4
5720,5721,0
5721,5722,1
5722,5723,1
5723,5724,1
5724,5725,2
5725,5726,4
5726,5727,4
5727,5728,3
5728,5729,4
5729,5730,4
5730,5731,3
5731,5732,3
5732,5733,4
5733,5734,3
5734,5735,2
5735,5736,2
5736,5737,1
5737,5738,1
5738,5739,4
5739,5740,4
5740,5741,0
5741,5742,3
5742,5743,3
5743,5744,3
5744,5745,3
5745,5746,1
5746,5747,2
5747,5748,4
5748,5749,4
5749,5750,2
5750,5751,3
5751,5752,3
5752,5753,1
5753,5754,3
5754,5755,3
5755,5756,3
5756,5757,2
5757,5758,3
5758,5759,3
5759,5760,2
5760,5761,1
5761,5762,3
5762,5763,3
5763,5764,3
5764,5765,2
5765,5766,0
5766,5767,4
5767,5768,3
5768,5769,0
5769,5770,4
5770,5771,4
5771,5772,2
5772,5773,4
5773,5774,4
5774,5775,2
5775,5776,1
5776,5777,2
5777,5778,1
5778,5779,2
5779,5780,1
5780,5781,2
5781,5782,3
5782,5783,3
5783,5784,4
5784,5785,3
5785,5786,4
5786,5787,1
5787,5788,4
5788,5789,1
5789,5790,3
5790,5791,4
5791,5792,1
5792,5793,4
5793,5794,1
5794,5795,4
5795,5796,3
5796,5797,4
5797,5798,4
5798,5799,4
5799,5800,1
5800,5801,2
5801,5802,3
5802,5803,2
5803,5804,3
5804,5805,3
5805,5806,3
5806,5807,2
5807,5808,3
5808,5809,2
5809,5810,1
5810,5811,4
5811,5812,3
5812,5813,4
5813,5814,4
5814,5815,1
5815,5816,4
5816,5817,1
5817,5818,4
5818,5819,0
5819,5820,0
5820,5821,2
5821,5822,3
5822,5823,2
5823,5824,2
5824,5825,3
5825,5826,4
5826,5827,4
5827,5828,1
5828,5829,3
5829,5830,3
5830,5831,4
5831,5832,3
5832,5833,3
5833,5834,0
5834,5835,3
5835,5836,4
5836,5837,4
5837,5838,3
5838,5839,2
5839,5840,3
5840,5841,3
5841,5842,4
5842,5843,4
5843,5844,3
5844,5845,3
5845,5846,1
5846,5847,3
5847,5848,0
5848,5849,1
5849,5850,3
5850,5851,3
5851,5852,3
5852,5853,0
5853,5854,0
5854,5855,0
5855,5856,3
5856,5857,3
5857,5858,2
5858,5859,4
5859,5860,3
5860,5861,3
5861,5862,3
5862,5863,3
5863,5864,3
5864,5865,1
5865,5866,3
5866,5867,3
5867,5868,1
5868,5869,3
5869,5870,1
5870,5871,3
5871,5872,1
5872,5873,2
5873,5874,2
5874,5875,2
5875,5876,0
5876,5877,2
5877,5878,3
5878,5879,2
5879,5880,2
5880,5881,1
5881,5882,4
5882,5883,3
5883,5884,2
5884,5885,4
5885,5886,2
5886,5887,3
5887,5888,1
5888,5889,0
5889,5890,1
5890,5891,4
5891,5892,0
5892,5893,2
5893,5894,4
5894,5895,4
5895,5896,4
5896,5897,2
5897,5898,3
5898,5899,1
5899,5900,4
5900,5901,3
5901,5902,0
5902,5903,2
5903,5904,3
5904,5905,1
5905,5906,3
5906,5907,2
5907,5908,2
5908,5909,1
5909,5910,3
5910,5911,3
5911,5912,4
5912,5913,3
5913,5914,4
5914,5915,4
5915,5916,0
5916,5917,3
5917,5918,1
5918,5919,4
5919,5920,3
5920,5921,2
5921,5922,0
5922,5923,2
5923,5924,4
5924,5925,3
5925,5926,3
5926,5927,2
5927,5928,0
5928,5929,3
5929,5930,3
5930,5931,3
5931,5932,1
5932,5933,4
5933,5934,1
5934,5935,4
5935,5936,2
5936,5937,1
5937,5938,4
5938,5939,3
5939,5940,0
5940,5941,3
5941,5942,0
5942,5943,3
5943,5944,3
5944,5945,3
5945,5946,3
5946,5947,3
5947,5948,0
5948,5949,1
5949,5950,2
5950,5951,4
5951,5952,3
5952,5953,2
5953,5954,0
5954,5955,3
5955,5956,3
5956,5957,2
5957,5958,1
5958,5959,3
5959,5960,3
5960,5961,3
5961,5962,4
5962,5963,2
5963,5964,4
5964,5965,1
5965,5966,3
5966,5967,0
5967,5968,0
5968,5969,0
5969,5970,1
5970,5971,0
5971,5972,3
5972,5973,4
5973,5974,3
5974,5975,1
5975,5976,3
5976,5977,4
5977,5978,4
5978,5979,4
5979,5980,0
5980,5981,2
5981,5982,4
5982,5983,2
5983,5984,4
5984,5985,3
5985,5986,3
5986,5987,2
5987,5988,1
5988,5989,3
5989,5990,1
5990,5991,1
5991,5992,3
5992,5993,3
5993,5994,2
5994,5995,3
5995,5996,3
5996,5997,3
5997,5998,4
5998,5999,3
5999,6000,0
6000,6001,3
6001,6002,0
6002,6003,3
6003,6004,3
6004,6005,3
6005,6006,3
6006,6007,1
6007,6008,4
6008,6009,3
6009,6010,4
6010,6011,1
6011,6012,2
6012,6013,3
6013,6014,4
6014,6015,3
6015,6016,0
6016,6017,3
6017,6018,4
6018,6019,2
6019,6020,0
6020,6021,2
6021,6022,1
6022,6023,4
6023,6024,1
6024,6025,3
6025,6026,2
6026,6027,2
6027,6028,4
6028,6029,3
6029,6030,1
6030,6031,3
6031,6032,0
6032,6033,0
6033,6034,1
6034,6035,3
6035,6036,3
6036,6037,3
6037,6038,3
6038,6039,3
6039,6040,2
